timestamp,GMXXX_NO2 (ppm),GMXXX_Ethanol (ppm),GMXXX_VOC (ppm),GMXXX_CO (ppm),MiCS5524_CO (ppm),MiCS5524_Ethanol (ppm),MiCS5524_VOC (ppm),label
1764582890799,0.716000,0.690000,0.090000,0.019000,1.908000,1.146000,0.522000,level_1_state_2
1764582891102,0.715000,0.690000,0.090000,0.019000,1.908000,1.146000,0.522000,level_1_state_2
1764582891910,0.715000,0.689000,0.090000,0.020000,1.908000,1.146000,0.522000,level_1_state_2
1764582892465,0.714000,0.689000,0.090000,0.020000,1.908000,1.146000,0.522000,level_1_state_2
1764582892818,0.714000,0.689000,0.090000,0.019000,2.202000,1.382000,0.614000,level_1_state_2
1764582892919,0.714000,0.690000,0.090000,0.020000,1.908000,1.146000,0.522000,level_1_state_2
1764582893171,0.714000,0.689000,0.090000,0.019000,1.908000,1.146000,0.522000,level_1_state_2
1764582893474,0.714000,0.689000,0.090000,0.020000,1.908000,1.146000,0.522000,level_1_state_2
1764582894231,0.714000,0.689000,0.089000,0.019000,1.908000,1.146000,0.522000,level_1_state_2
1764582894584,0.714000,0.689000,0.090000,0.019000,1.908000,1.146000,0.522000,level_1_state_2
1764582895039,0.714000,0.690000,0.089000,0.020000,1.908000,1.146000,0.522000,level_1_state_2
1764582895392,0.714000,0.689000,0.088000,0.019000,1.908000,1.146000,0.522000,level_1_state_2
1764582895744,0.714000,0.689000,0.089000,0.019000,1.908000,1.146000,0.522000,level_1_state_2
1764582896500,0.713000,0.689000,0.088000,0.018000,1.980000,1.203000,0.545000,level_1_state_2
1764582897607,0.713000,0.689000,0.088000,0.019000,1.908000,1.146000,0.522000,level_1_state_2
1764582897960,0.714000,0.689000,0.088000,0.019000,2.053000,1.262000,0.568000,level_1_state_2
1764582898616,0.714000,0.689000,0.087000,0.019000,1.980000,1.203000,0.545000,level_1_state_2
1764582899171,0.714000,0.689000,0.087000,0.019000,1.980000,1.203000,0.545000,level_1_state_2
1764582899575,0.714000,0.689000,0.086000,0.019000,1.908000,1.146000,0.522000,level_1_state_2
1764582899827,0.714000,0.689000,0.086000,0.019000,1.908000,1.146000,0.522000,level_1_state_2
1764582900435,0.714000,0.689000,0.086000,0.019000,1.980000,1.203000,0.545000,level_1_state_2
1764582900889,0.714000,0.689000,0.086000,0.019000,1.908000,1.146000,0.522000,level_1_state_2
1764582902399,0.714000,0.689000,0.086000,0.018000,2.202000,1.382000,0.614000,level_1_state_2
1764582903607,0.714000,0.690000,0.085000,0.019000,1.908000,1.146000,0.522000,level_1_state_2
1764582904061,0.714000,0.690000,0.085000,0.019000,2.202000,1.382000,0.614000,level_1_state_2
1764582906126,0.714000,0.690000,0.085000,0.018000,2.053000,1.262000,0.568000,level_1_state_2
1764582906630,0.714000,0.689000,0.084000,0.019000,1.908000,1.146000,0.522000,level_1_state_2
1764582907335,0.714000,0.689000,0.084000,0.019000,1.908000,1.146000,0.522000,level_1_state_2
1764582907437,0.714000,0.690000,0.084000,0.019000,1.980000,1.203000,0.545000,level_1_state_2
1764582907688,0.714000,0.689000,0.084000,0.018000,1.980000,1.203000,0.545000,level_1_state_2
1764582908142,0.715000,0.690000,0.084000,0.019000,1.908000,1.146000,0.522000,level_1_state_2
1764582908343,0.715000,0.689000,0.084000,0.019000,1.835000,1.089000,0.500000,level_1_state_2
1764582908948,0.715000,0.690000,0.085000,0.019000,1.908000,1.146000,0.522000,level_1_state_2
1764582909704,0.715000,0.689000,0.084000,0.019000,1.908000,1.146000,0.522000,level_1_state_2
1764582910058,0.716000,0.689000,0.084000,0.019000,1.980000,1.203000,0.545000,level_1_state_2
1764582910108,0.716000,0.689000,0.084000,0.018000,2.127000,1.321000,0.591000,level_1_state_2
1764582910511,0.716000,0.689000,0.085000,0.019000,1.908000,1.146000,0.522000,level_1_state_2
1764582911017,0.716000,0.690000,0.084000,0.019000,1.908000,1.146000,0.522000,level_1_state_2
1764582911620,0.716000,0.690000,0.085000,0.019000,1.908000,1.146000,0.522000,level_1_state_2
1764582912628,0.716000,0.690000,0.085000,0.019000,1.908000,1.146000,0.522000,level_1_state_2
1764582913889,0.716000,0.690000,0.085000,0.019000,1.908000,1.146000,0.522000,level_1_state_2
1764582914192,0.717000,0.690000,0.085000,0.019000,1.980000,1.203000,0.545000,level_1_state_2
1764582914495,0.716000,0.690000,0.084000,0.019000,1.980000,1.203000,0.545000,level_1_state_2
1764582914749,0.716000,0.690000,0.085000,0.019000,1.908000,1.146000,0.522000,level_1_state_2
1764582914951,0.716000,0.690000,0.084000,0.019000,1.908000,1.146000,0.522000,level_1_state_2
1764582915456,0.716000,0.689000,0.085000,0.019000,2.053000,1.262000,0.568000,level_1_state_2
1764582915708,0.716000,0.690000,0.084000,0.019000,1.980000,1.203000,0.545000,level_1_state_2
1764582915960,0.715000,0.689000,0.084000,0.019000,1.764000,1.034000,0.478000,level_1_state_2
1764582916313,0.716000,0.690000,0.084000,0.019000,1.980000,1.203000,0.545000,level_1_state_2
1764582916767,0.715000,0.689000,0.084000,0.019000,1.980000,1.203000,0.545000,level_1_state_2
1764582917370,0.716000,0.689000,0.084000,0.019000,1.980000,1.203000,0.545000,level_1_state_2
1764582917623,0.716000,0.689000,0.085000,0.019000,1.980000,1.203000,0.545000,level_1_state_2
1764582918026,0.717000,0.689000,0.084000,0.019000,1.980000,1.203000,0.545000,level_1_state_2
1764582918329,0.716000,0.689000,0.085000,0.019000,1.980000,1.203000,0.545000,level_1_state_2
1764582918683,0.717000,0.689000,0.085000,0.019000,2.053000,1.262000,0.568000,level_1_state_2
1764582919187,0.716000,0.689000,0.085000,0.019000,2.053000,1.262000,0.568000,level_1_state_2
1764582919439,0.717000,0.690000,0.085000,0.019000,1.980000,1.203000,0.545000,level_1_state_2
1764582920347,0.717000,0.688000,0.085000,0.018000,2.053000,1.262000,0.568000,level_1_state_2
1764582920801,0.717000,0.689000,0.085000,0.019000,2.053000,1.262000,0.568000,level_1_state_2
1764582921305,0.717000,0.689000,0.085000,0.020000,2.127000,1.321000,0.591000,level_1_state_2
1764582921808,0.717000,0.689000,0.086000,0.019000,2.127000,1.321000,0.591000,level_1_state_2
1764582922162,0.717000,0.689000,0.087000,0.019000,2.127000,1.321000,0.591000,level_1_state_2
1764582922716,0.717000,0.689000,0.088000,0.020000,2.053000,1.262000,0.568000,level_1_state_2
1764582923119,0.716000,0.689000,0.090000,0.020000,2.127000,1.321000,0.591000,level_1_state_2
1764582923572,0.717000,0.689000,0.091000,0.021000,2.127000,1.321000,0.591000,level_1_state_2
1764582924733,0.716000,0.689000,0.094000,0.021000,2.202000,1.382000,0.614000,level_1_state_2
1764582925085,0.716000,0.689000,0.094000,0.021000,2.127000,1.321000,0.591000,level_1_state_2
1764582925387,0.716000,0.689000,0.094000,0.021000,2.127000,1.321000,0.591000,level_1_state_2
1764582925740,0.716000,0.689000,0.094000,0.020000,1.980000,1.203000,0.545000,level_1_state_2
1764582926244,0.716000,0.689000,0.094000,0.021000,1.980000,1.203000,0.545000,level_1_state_2
1764582926848,0.716000,0.689000,0.095000,0.021000,2.053000,1.262000,0.568000,level_1_state_2
1764582927201,0.716000,0.689000,0.095000,0.020000,1.980000,1.203000,0.545000,level_1_state_2
1764582928460,0.716000,0.688000,0.094000,0.020000,2.053000,1.262000,0.568000,level_1_state_2
1764582929116,0.715000,0.689000,0.093000,0.020000,2.352000,1.506000,0.662000,level_1_state_2
1764582929621,0.715000,0.688000,0.093000,0.020000,2.127000,1.321000,0.591000,level_1_state_2
1764582929823,0.714000,0.688000,0.094000,0.020000,2.053000,1.262000,0.568000,level_1_state_2
1764582930681,0.714000,0.688000,0.094000,0.020000,1.980000,1.203000,0.545000,level_1_state_2
1764582930983,0.714000,0.689000,0.094000,0.020000,1.980000,1.203000,0.545000,level_1_state_2
1764582932446,0.715000,0.689000,0.095000,0.021000,2.053000,1.262000,0.568000,level_1_state_2
1764582932901,0.714000,0.688000,0.097000,0.021000,1.980000,1.203000,0.545000,level_1_state_2
1764582933305,0.714000,0.689000,0.097000,0.022000,1.980000,1.203000,0.545000,level_1_state_2
1764582933809,0.714000,0.688000,0.099000,0.021000,1.980000,1.203000,0.545000,level_1_state_2
1764582934362,0.714000,0.689000,0.100000,0.022000,2.053000,1.262000,0.568000,level_1_state_2
1764582935571,0.713000,0.688000,0.100000,0.022000,1.980000,1.203000,0.545000,level_1_state_2
1764582936379,0.713000,0.688000,0.100000,0.021000,1.980000,1.203000,0.545000,level_1_state_2
1764582937185,0.712000,0.687000,0.100000,0.021000,2.127000,1.321000,0.591000,level_1_state_2
1764582938346,0.713000,0.688000,0.098000,0.020000,2.053000,1.262000,0.568000,level_1_state_2
1764582938598,0.713000,0.688000,0.098000,0.020000,2.127000,1.321000,0.591000,level_1_state_2
1764582938951,0.713000,0.688000,0.098000,0.020000,2.053000,1.262000,0.568000,level_1_state_2
1764582939202,0.713000,0.688000,0.097000,0.020000,1.980000,1.203000,0.545000,level_1_state_2
1764582939455,0.713000,0.688000,0.097000,0.020000,1.980000,1.203000,0.545000,level_1_state_2
1764582940211,0.713000,0.688000,0.097000,0.020000,1.908000,1.146000,0.522000,level_1_state_2
1764582941320,0.714000,0.687000,0.095000,0.020000,2.127000,1.321000,0.591000,level_1_state_2
1764582942935,0.712000,0.686000,0.095000,0.020000,2.053000,1.262000,0.568000,level_1_state_2
1764582943641,0.713000,0.688000,0.094000,0.020000,2.127000,1.321000,0.591000,level_1_state_2
1764582944498,0.712000,0.687000,0.094000,0.020000,1.980000,1.203000,0.545000,level_1_state_2
1764582944901,0.712000,0.687000,0.093000,0.020000,2.127000,1.321000,0.591000,level_1_state_2
1764582945859,0.712000,0.687000,0.092000,0.020000,2.053000,1.262000,0.568000,level_1_state_2
1764582946413,0.713000,0.688000,0.092000,0.020000,1.908000,1.146000,0.522000,level_1_state_2
1764582946613,0.712000,0.687000,0.091000,0.020000,2.053000,1.262000,0.568000,level_1_state_2
1764582947570,0.712000,0.688000,0.091000,0.020000,1.980000,1.203000,0.545000,level_1_state_2
1764582947871,0.711000,0.686000,0.090000,0.020000,2.053000,1.262000,0.568000,level_1_state_2
1764582948173,0.711000,0.687000,0.090000,0.020000,2.053000,1.262000,0.568000,level_1_state_2
1764582948476,0.711000,0.687000,0.090000,0.020000,1.908000,1.146000,0.522000,level_1_state_2
1764582949331,0.711000,0.686000,0.090000,0.019000,1.908000,1.146000,0.522000,level_1_state_2
1764582949935,0.711000,0.686000,0.089000,0.019000,2.053000,1.262000,0.568000,level_1_state_2
1764582950591,0.712000,0.687000,0.089000,0.020000,2.053000,1.262000,0.568000,level_1_state_2
1764582951246,0.711000,0.686000,0.088000,0.019000,1.908000,1.146000,0.522000,level_1_state_2
1764582951498,0.711000,0.686000,0.088000,0.020000,1.908000,1.146000,0.522000,level_1_state_2
1764582951750,0.710000,0.686000,0.087000,0.019000,1.908000,1.146000,0.522000,level_1_state_2
1764582952052,0.711000,0.686000,0.088000,0.019000,1.764000,1.034000,0.478000,level_1_state_2
1764582952204,0.710000,0.686000,0.087000,0.019000,1.908000,1.146000,0.522000,level_1_state_2
1764582953616,0.711000,0.686000,0.087000,0.019000,1.908000,1.146000,0.522000,level_1_state_2
1764582954273,0.711000,0.686000,0.086000,0.019000,1.908000,1.146000,0.522000,level_1_state_2
1764582954424,0.711000,0.686000,0.087000,0.019000,1.908000,1.146000,0.522000,level_1_state_2
1764582955131,0.710000,0.686000,0.086000,0.019000,1.908000,1.146000,0.522000,level_1_state_2
1764582956037,0.711000,0.686000,0.086000,0.019000,1.908000,1.146000,0.522000,level_1_state_2
1764582956791,0.711000,0.686000,0.086000,0.019000,1.908000,1.146000,0.522000,level_1_state_2
1764582958604,0.712000,0.687000,0.086000,0.019000,1.908000,1.146000,0.522000,level_1_state_2
1764582958856,0.711000,0.686000,0.085000,0.019000,1.908000,1.146000,0.522000,level_1_state_2
1764582958906,0.711000,0.685000,0.085000,0.019000,1.908000,1.146000,0.522000,level_1_state_2
1764582959762,0.711000,0.685000,0.085000,0.019000,1.980000,1.203000,0.545000,level_1_state_2
1764582971599,0.714000,0.685000,0.090000,0.020000,2.815000,1.905000,0.812000,level_1_state_2
1764582971599,0.714000,0.685000,0.090000,0.020000,1.980000,1.203000,0.545000,level_1_state_2
1764582973410,0.714000,0.685000,0.090000,0.020000,2.053000,1.262000,0.568000,level_1_state_2
1764582973815,0.715000,0.685000,0.090000,0.020000,2.276000,1.444000,0.638000,level_1_state_2
1764582974370,0.715000,0.685000,0.090000,0.020000,2.053000,1.262000,0.568000,level_1_state_2
1764582974421,0.715000,0.686000,0.090000,0.020000,1.980000,1.203000,0.545000,level_1_state_2
1764582974723,0.714000,0.685000,0.089000,0.020000,2.053000,1.262000,0.568000,level_1_state_2
1764582974825,0.714000,0.685000,0.089000,0.020000,1.980000,1.203000,0.545000,level_1_state_2
1764582976437,0.714000,0.685000,0.089000,0.019000,2.053000,1.262000,0.568000,level_1_state_2
1764582978198,0.714000,0.685000,0.088000,0.019000,1.980000,1.203000,0.545000,level_1_state_2
1764582978399,0.715000,0.685000,0.088000,0.019000,2.053000,1.262000,0.568000,level_1_state_2
1764582979507,0.715000,0.685000,0.087000,0.019000,1.908000,1.146000,0.522000,level_1_state_2
1764582980416,0.714000,0.684000,0.087000,0.019000,2.202000,1.382000,0.614000,level_1_state_2
1764582980466,0.714000,0.685000,0.087000,0.020000,2.127000,1.321000,0.591000,level_1_state_2
1764582981525,0.714000,0.684000,0.087000,0.020000,1.980000,1.203000,0.545000,level_1_state_2
1764582981979,0.714000,0.684000,0.087000,0.020000,2.053000,1.262000,0.568000,level_1_state_2
1764582982685,0.713000,0.684000,0.086000,0.020000,2.127000,1.321000,0.591000,level_1_state_2
1764582982887,0.714000,0.685000,0.087000,0.019000,2.127000,1.321000,0.591000,level_1_state_2
1764582983593,0.714000,0.684000,0.086000,0.019000,1.980000,1.203000,0.545000,level_1_state_2
1764582983996,0.714000,0.684000,0.086000,0.019000,1.980000,1.203000,0.545000,level_1_state_2
1764582985813,0.714000,0.684000,0.086000,0.019000,1.908000,1.146000,0.522000,level_1_state_2
1764582987124,0.714000,0.684000,0.085000,0.019000,2.352000,1.506000,0.662000,level_1_state_2
1764582987827,0.714000,0.684000,0.086000,0.020000,2.202000,1.382000,0.614000,level_1_state_2
1764582988331,0.713000,0.684000,0.086000,0.019000,2.202000,1.382000,0.614000,level_1_state_2
1764582989238,0.714000,0.684000,0.086000,0.020000,2.127000,1.321000,0.591000,level_1_state_2
1764582989993,0.714000,0.685000,0.087000,0.020000,1.980000,1.203000,0.545000,level_1_state_2
1764582990448,0.715000,0.685000,0.088000,0.020000,2.127000,1.321000,0.591000,level_1_state_2
1764582991406,0.714000,0.684000,0.088000,0.020000,1.980000,1.203000,0.545000,level_1_state_2
1764582991658,0.715000,0.684000,0.089000,0.020000,2.127000,1.321000,0.591000,level_1_state_2
1764582993268,0.715000,0.684000,0.089000,0.020000,2.202000,1.382000,0.614000,level_1_state_2
1764582993973,0.715000,0.685000,0.089000,0.020000,2.202000,1.382000,0.614000,level_1_state_2
1764582994326,0.715000,0.684000,0.089000,0.020000,2.127000,1.321000,0.591000,level_1_state_2
1764582994629,0.715000,0.684000,0.088000,0.020000,2.053000,1.262000,0.568000,level_1_state_2
1764582995033,0.714000,0.684000,0.088000,0.020000,2.053000,1.262000,0.568000,level_1_state_2
1764582995537,0.714000,0.683000,0.088000,0.020000,1.908000,1.146000,0.522000,level_1_state_2
1764582995789,0.714000,0.683000,0.088000,0.020000,1.980000,1.203000,0.545000,level_1_state_2
1764582996997,0.714000,0.683000,0.088000,0.020000,1.908000,1.146000,0.522000,level_1_state_2
1764582997249,0.715000,0.683000,0.088000,0.020000,1.980000,1.203000,0.545000,level_1_state_2
1764582997651,0.715000,0.684000,0.088000,0.020000,1.908000,1.146000,0.522000,level_1_state_2
1764582997803,0.714000,0.682000,0.087000,0.019000,1.980000,1.203000,0.545000,level_1_state_2
1764582998155,0.715000,0.683000,0.087000,0.019000,1.908000,1.146000,0.522000,level_1_state_2
1764582998407,0.716000,0.684000,0.087000,0.019000,1.908000,1.146000,0.522000,level_1_state_2
1764583000373,0.714000,0.683000,0.086000,0.019000,2.053000,1.262000,0.568000,level_1_state_2
1764583001180,0.715000,0.683000,0.086000,0.019000,1.908000,1.146000,0.522000,level_1_state_2
1764583001583,0.714000,0.683000,0.086000,0.019000,1.908000,1.146000,0.522000,level_1_state_2
1764583001935,0.714000,0.683000,0.086000,0.019000,1.980000,1.203000,0.545000,level_1_state_2
1764583002287,0.715000,0.682000,0.086000,0.019000,1.980000,1.203000,0.545000,level_1_state_2
1764583002589,0.714000,0.682000,0.086000,0.019000,1.908000,1.146000,0.522000,level_1_state_2
1764583002941,0.714000,0.682000,0.086000,0.020000,1.908000,1.146000,0.522000,level_1_state_2
1764583003596,0.715000,0.682000,0.086000,0.019000,1.980000,1.203000,0.545000,level_1_state_2
1764583003697,0.715000,0.683000,0.085000,0.019000,1.908000,1.146000,0.522000,level_1_state_2
1764583003950,0.714000,0.683000,0.085000,0.019000,1.908000,1.146000,0.522000,level_1_state_2
1764583004454,0.714000,0.683000,0.086000,0.019000,1.908000,1.146000,0.522000,level_1_state_2
1764583005413,0.716000,0.684000,0.085000,0.019000,1.908000,1.146000,0.522000,level_1_state_2
1764583005817,0.715000,0.684000,0.086000,0.019000,2.053000,1.262000,0.568000,level_1_state_2
1764583005968,0.714000,0.683000,0.085000,0.020000,1.908000,1.146000,0.522000,level_1_state_2
1764583007028,0.716000,0.682000,0.085000,0.019000,1.908000,1.146000,0.522000,level_1_state_1
1764583007330,0.716000,0.683000,0.085000,0.020000,2.053000,1.262000,0.568000,level_1_state_1
1764583007481,0.716000,0.683000,0.086000,0.020000,1.908000,1.146000,0.522000,level_1_state_1
1764583007934,0.717000,0.683000,0.085000,0.020000,1.835000,1.089000,0.500000,level_1_state_1
1764583007984,0.717000,0.682000,0.086000,0.019000,1.835000,1.089000,0.500000,level_1_state_1
1764583008186,0.719000,0.683000,0.086000,0.020000,1.908000,1.146000,0.522000,level_1_state_1
1764583008488,0.722000,0.683000,0.087000,0.019000,1.835000,1.089000,0.500000,level_1_state_1
1764583008840,0.722000,0.683000,0.087000,0.020000,1.908000,1.146000,0.522000,level_1_state_1
1764583009293,0.726000,0.682000,0.088000,0.020000,1.908000,1.146000,0.522000,level_1_state_1
1764583009495,0.726000,0.683000,0.089000,0.020000,1.908000,1.146000,0.522000,level_1_state_1
1764583009798,0.728000,0.683000,0.090000,0.020000,1.908000,1.146000,0.522000,level_1_state_1
1764583010707,0.731000,0.682000,0.091000,0.020000,1.835000,1.089000,0.500000,level_1_state_1
1764583011262,0.733000,0.683000,0.092000,0.020000,2.053000,1.262000,0.568000,level_1_state_1
1764583011866,0.737000,0.683000,0.094000,0.020000,2.202000,1.382000,0.614000,level_1_state_1
1764583012218,0.740000,0.683000,0.096000,0.020000,2.053000,1.262000,0.568000,level_1_state_1
1764583013426,0.743000,0.682000,0.098000,0.021000,2.127000,1.321000,0.591000,level_1_state_1
1764583014082,0.747000,0.684000,0.100000,0.020000,2.202000,1.382000,0.614000,level_1_state_1
1764583014538,0.749000,0.683000,0.101000,0.020000,2.276000,1.444000,0.638000,level_1_state_1
1764583015042,0.750000,0.683000,0.103000,0.021000,2.202000,1.382000,0.614000,level_1_state_1
1764583015395,0.753000,0.684000,0.104000,0.021000,2.202000,1.382000,0.614000,level_1_state_1
1764583016001,0.753000,0.683000,0.105000,0.021000,2.202000,1.382000,0.614000,level_1_state_1
1764583016908,0.756000,0.684000,0.109000,0.020000,2.276000,1.444000,0.638000,level_1_state_1
1764583017211,0.755000,0.684000,0.109000,0.021000,2.202000,1.382000,0.614000,level_1_state_1
1764583017866,0.756000,0.684000,0.110000,0.021000,2.202000,1.382000,0.614000,level_1_state_1
1764583018470,0.757000,0.684000,0.110000,0.021000,2.276000,1.444000,0.638000,level_1_state_1
1764583018874,0.757000,0.684000,0.113000,0.021000,2.504000,1.635000,0.711000,level_1_state_1
1764583020838,0.758000,0.684000,0.114000,0.021000,2.581000,1.701000,0.736000,level_1_state_1
1764583021392,0.757000,0.684000,0.115000,0.021000,2.504000,1.635000,0.711000,level_1_state_1
1764583023053,0.757000,0.684000,0.116000,0.021000,2.658000,1.768000,0.761000,level_1_state_1
1764583023957,0.757000,0.684000,0.117000,0.021000,2.428000,1.570000,0.686000,level_1_state_1
1764583024309,0.756000,0.685000,0.116000,0.021000,2.276000,1.444000,0.638000,level_1_state_1
1764583025872,0.756000,0.684000,0.117000,0.020000,2.658000,1.768000,0.761000,level_1_state_1
1764583026578,0.755000,0.684000,0.116000,0.020000,2.658000,1.768000,0.761000,level_1_state_1
1764583027031,0.754000,0.684000,0.117000,0.020000,2.581000,1.701000,0.736000,level_1_state_1
1764583028138,0.754000,0.685000,0.116000,0.021000,2.736000,1.836000,0.786000,level_1_state_1
1764583028693,0.754000,0.684000,0.116000,0.021000,2.736000,1.836000,0.786000,level_1_state_1
1764583029046,0.753000,0.684000,0.116000,0.020000,2.504000,1.635000,0.711000,level_1_state_1
1764583029804,0.753000,0.684000,0.116000,0.020000,2.581000,1.701000,0.736000,level_1_state_1
1764583030056,0.754000,0.685000,0.116000,0.020000,2.581000,1.701000,0.736000,level_1_state_1
1764583030308,0.753000,0.685000,0.116000,0.020000,2.504000,1.635000,0.711000,level_1_state_1
1764583030510,0.753000,0.685000,0.116000,0.020000,2.504000,1.635000,0.711000,level_1_state_1
1764583030914,0.753000,0.685000,0.116000,0.021000,2.504000,1.635000,0.711000,level_1_state_1
1764583031470,0.753000,0.685000,0.116000,0.020000,2.504000,1.635000,0.711000,level_1_state_1
1764583031571,0.753000,0.685000,0.116000,0.020000,2.581000,1.701000,0.736000,level_1_state_1
1764583032025,0.753000,0.684000,0.116000,0.020000,2.504000,1.635000,0.711000,level_1_state_1
1764583032430,0.752000,0.684000,0.116000,0.020000,2.581000,1.701000,0.736000,level_1_state_1
1764583033086,0.753000,0.685000,0.116000,0.020000,2.658000,1.768000,0.761000,level_1_state_1
1764583033841,0.753000,0.684000,0.116000,0.020000,2.581000,1.701000,0.736000,level_1_state_1
1764583034395,0.752000,0.684000,0.117000,0.020000,2.658000,1.768000,0.761000,level_1_state_1
1764583034647,0.752000,0.684000,0.117000,0.021000,2.581000,1.701000,0.736000,level_1_state_1
1764583035100,0.753000,0.685000,0.117000,0.021000,2.581000,1.701000,0.736000,level_1_state_1
1764583035201,0.753000,0.685000,0.118000,0.021000,2.736000,1.836000,0.786000,level_1_state_1
1764583035453,0.753000,0.685000,0.119000,0.021000,2.504000,1.635000,0.711000,level_1_state_1
1764583035806,0.753000,0.685000,0.118000,0.021000,2.581000,1.701000,0.736000,level_1_state_1
1764583036109,0.753000,0.684000,0.119000,0.021000,2.581000,1.701000,0.736000,level_1_state_1
1764583036362,0.752000,0.685000,0.119000,0.021000,2.581000,1.701000,0.736000,level_1_state_1
1764583036563,0.751000,0.685000,0.119000,0.021000,2.581000,1.701000,0.736000,level_1_state_1
1764583037421,0.751000,0.684000,0.120000,0.022000,2.658000,1.768000,0.761000,level_1_state_1
1764583039689,0.752000,0.684000,0.121000,0.022000,2.893000,1.976000,0.837000,level_1_state_1
1764583039941,0.751000,0.684000,0.121000,0.022000,2.736000,1.836000,0.786000,level_1_state_1
1764583040746,0.750000,0.684000,0.122000,0.021000,2.658000,1.768000,0.761000,level_1_state_1
1764583041351,0.750000,0.684000,0.124000,0.021000,2.581000,1.701000,0.736000,level_1_state_1
1764583041958,0.749000,0.684000,0.124000,0.022000,2.581000,1.701000,0.736000,level_1_state_1
1764583042663,0.749000,0.683000,0.125000,0.022000,2.581000,1.701000,0.736000,level_1_state_1
1764583042966,0.749000,0.684000,0.125000,0.022000,2.658000,1.768000,0.761000,level_1_state_1
1764583043117,0.749000,0.684000,0.125000,0.022000,2.658000,1.768000,0.761000,level_1_state_1
1764583043923,0.749000,0.684000,0.126000,0.022000,2.581000,1.701000,0.736000,level_1_state_1
1764583044327,0.749000,0.683000,0.126000,0.022000,2.581000,1.701000,0.736000,level_1_state_1
1764583044578,0.748000,0.684000,0.128000,0.022000,2.581000,1.701000,0.736000,level_1_state_1
1764583044981,0.748000,0.683000,0.127000,0.022000,2.581000,1.701000,0.736000,level_1_state_1
1764583045636,0.748000,0.683000,0.128000,0.022000,2.581000,1.701000,0.736000,level_1_state_1
1764583046543,0.747000,0.683000,0.128000,0.022000,2.581000,1.701000,0.736000,level_1_state_1
1764583047297,0.747000,0.684000,0.128000,0.022000,2.504000,1.635000,0.711000,level_1_state_1
1764583048053,0.747000,0.684000,0.129000,0.022000,2.504000,1.635000,0.711000,level_1_state_1
1764583048456,0.746000,0.684000,0.129000,0.022000,2.581000,1.701000,0.736000,level_1_state_1
1764583048859,0.746000,0.683000,0.129000,0.022000,2.581000,1.701000,0.736000,level_1_state_1
1764583049413,0.746000,0.684000,0.129000,0.022000,2.581000,1.701000,0.736000,level_1_state_1
1764583049916,0.745000,0.683000,0.129000,0.022000,2.736000,1.836000,0.786000,level_1_state_1
1764583050572,0.745000,0.684000,0.129000,0.022000,2.658000,1.768000,0.761000,level_1_state_1
1764583051881,0.744000,0.683000,0.128000,0.022000,2.581000,1.701000,0.736000,level_1_state_1
1764583052134,0.744000,0.683000,0.127000,0.021000,2.428000,1.570000,0.686000,level_1_state_1
1764583052486,0.743000,0.683000,0.126000,0.022000,2.428000,1.570000,0.686000,level_1_state_1
1764583052890,0.744000,0.683000,0.126000,0.022000,2.428000,1.570000,0.686000,level_1_state_1
1764583053192,0.744000,0.684000,0.125000,0.021000,2.428000,1.570000,0.686000,level_1_state_1
1764583053344,0.743000,0.682000,0.125000,0.021000,2.428000,1.570000,0.686000,level_1_state_1
1764583053896,0.743000,0.683000,0.125000,0.022000,2.428000,1.570000,0.686000,level_1_state_1
1764583054098,0.742000,0.682000,0.124000,0.021000,2.352000,1.506000,0.662000,level_1_state_1
1764583055304,0.742000,0.683000,0.123000,0.021000,2.581000,1.701000,0.736000,level_1_state_1
1764583055456,0.741000,0.682000,0.122000,0.020000,2.428000,1.570000,0.686000,level_1_state_1
1764583056462,0.741000,0.683000,0.120000,0.020000,2.352000,1.506000,0.662000,level_1_state_1
1764583056663,0.740000,0.683000,0.120000,0.021000,2.352000,1.506000,0.662000,level_1_state_1
1764583056714,0.741000,0.683000,0.119000,0.020000,2.352000,1.506000,0.662000,level_1_state_1
1764583057217,0.740000,0.682000,0.119000,0.020000,2.352000,1.506000,0.662000,level_1_state_1
1764583057873,0.740000,0.682000,0.117000,0.020000,2.352000,1.506000,0.662000,level_1_state_1
1764583058225,0.739000,0.682000,0.117000,0.020000,2.276000,1.444000,0.638000,level_1_state_1
1764583059736,0.738000,0.683000,0.114000,0.020000,2.352000,1.506000,0.662000,level_1_state_1
1764583060796,0.738000,0.682000,0.114000,0.020000,2.127000,1.321000,0.591000,level_1_state_1
1764583061351,0.739000,0.682000,0.114000,0.020000,2.276000,1.444000,0.638000,level_1_state_1
1764583061653,0.738000,0.682000,0.113000,0.020000,2.202000,1.382000,0.614000,level_1_state_1
1764583062157,0.737000,0.683000,0.113000,0.020000,2.352000,1.506000,0.662000,level_1_state_1
1764583062258,0.738000,0.683000,0.113000,0.020000,2.352000,1.506000,0.662000,level_1_state_1
1764583062964,0.738000,0.683000,0.112000,0.020000,2.276000,1.444000,0.638000,level_1_state_1
1764583063819,0.737000,0.683000,0.111000,0.020000,2.276000,1.444000,0.638000,level_1_state_1
1764583064072,0.737000,0.682000,0.111000,0.020000,2.276000,1.444000,0.638000,level_1_state_1
1764583064879,0.737000,0.683000,0.112000,0.020000,2.276000,1.444000,0.638000,level_1_state_1
1764583065333,0.738000,0.682000,0.111000,0.020000,2.352000,1.506000,0.662000,level_1_state_1
1764583065586,0.740000,0.682000,0.111000,0.020000,2.581000,1.701000,0.736000,level_1_state_1
1764583066799,0.740000,0.682000,0.114000,0.020000,2.276000,1.444000,0.638000,level_1_state_1
1764583067707,0.743000,0.682000,0.116000,0.021000,2.352000,1.506000,0.662000,level_1_state_1
1764583068211,0.745000,0.683000,0.117000,0.021000,2.504000,1.635000,0.711000,level_1_state_1
1764583068563,0.745000,0.683000,0.118000,0.021000,2.428000,1.570000,0.686000,level_1_state_1
1764583069117,0.747000,0.682000,0.119000,0.021000,2.504000,1.635000,0.711000,level_1_state_1
1764583069419,0.746000,0.682000,0.120000,0.021000,2.504000,1.635000,0.711000,level_1_state_1
1764583070428,0.748000,0.682000,0.122000,0.021000,2.581000,1.701000,0.736000,level_1_state_1
1764583070782,0.748000,0.682000,0.122000,0.022000,2.504000,1.635000,0.711000,level_1_state_1
1764583070934,0.749000,0.683000,0.123000,0.022000,2.581000,1.701000,0.736000,level_1_state_1
1764583071337,0.749000,0.682000,0.124000,0.021000,2.581000,1.701000,0.736000,level_1_state_1
1764583071590,0.749000,0.683000,0.124000,0.022000,2.581000,1.701000,0.736000,level_1_state_1
1764583071792,0.750000,0.682000,0.124000,0.022000,2.581000,1.701000,0.736000,level_1_state_1
1764583072399,0.749000,0.683000,0.124000,0.022000,2.581000,1.701000,0.736000,level_1_state_1
1764583072802,0.750000,0.683000,0.125000,0.021000,2.658000,1.768000,0.761000,level_1_state_1
1764583073105,0.750000,0.683000,0.125000,0.022000,2.736000,1.836000,0.786000,level_1_state_1
1764583073611,0.750000,0.682000,0.125000,0.022000,2.658000,1.768000,0.761000,level_1_state_1
1764583073763,0.749000,0.683000,0.126000,0.021000,2.736000,1.836000,0.786000,level_1_state_1
1764583074469,0.749000,0.682000,0.126000,0.021000,2.658000,1.768000,0.761000,level_1_state_1
1764583074975,0.749000,0.682000,0.128000,0.021000,2.736000,1.836000,0.786000,level_1_state_1
1764583075933,0.748000,0.682000,0.128000,0.022000,2.815000,1.905000,0.812000,level_1_state_1
1764583076386,0.749000,0.682000,0.128000,0.022000,2.893000,1.976000,0.837000,level_1_state_1
1764583076689,0.749000,0.682000,0.128000,0.022000,2.893000,1.976000,0.837000,level_1_state_1
1764583077344,0.749000,0.682000,0.128000,0.022000,2.815000,1.905000,0.812000,level_1_state_1
1764583077799,0.748000,0.682000,0.129000,0.021000,2.815000,1.905000,0.812000,level_1_state_1
1764583078153,0.748000,0.682000,0.128000,0.021000,3.133000,2.192000,0.916000,level_1_state_1
1764583078404,0.748000,0.682000,0.128000,0.021000,2.973000,2.047000,0.863000,level_1_state_1
1764583078606,0.748000,0.682000,0.128000,0.021000,2.893000,1.976000,0.837000,level_1_state_1
1764583079061,0.747000,0.682000,0.128000,0.021000,2.815000,1.905000,0.812000,level_1_state_1
1764583079263,0.746000,0.682000,0.126000,0.021000,2.893000,1.976000,0.837000,level_1_state_1
1764583079968,0.746000,0.682000,0.126000,0.021000,2.893000,1.976000,0.837000,level_1_state_1
1764583080018,0.746000,0.682000,0.126000,0.021000,2.815000,1.905000,0.812000,level_1_state_1
1764583080573,0.746000,0.682000,0.127000,0.021000,2.815000,1.905000,0.812000,level_1_state_1
1764583081631,0.746000,0.682000,0.127000,0.021000,2.973000,2.047000,0.863000,level_1_state_1
1764583081783,0.746000,0.682000,0.128000,0.021000,2.893000,1.976000,0.837000,level_1_state_1
1764583082388,0.746000,0.682000,0.128000,0.021000,2.893000,1.976000,0.837000,level_1_state_1
1764583082540,0.746000,0.682000,0.127000,0.022000,2.973000,2.047000,0.863000,level_1_state_1
1764583082892,0.745000,0.681000,0.128000,0.021000,2.893000,1.976000,0.837000,level_1_state_1
1764583083698,0.746000,0.682000,0.128000,0.021000,2.973000,2.047000,0.863000,level_1_state_1
1764583084657,0.745000,0.682000,0.128000,0.022000,3.214000,2.266000,0.943000,level_1_state_1
1764583084809,0.745000,0.682000,0.128000,0.021000,2.973000,2.047000,0.863000,level_1_state_1
1764583085011,0.744000,0.681000,0.127000,0.021000,2.973000,2.047000,0.863000,level_1_state_1
1764583085869,0.744000,0.682000,0.126000,0.021000,2.893000,1.976000,0.837000,level_1_state_1
1764583086826,0.742000,0.682000,0.125000,0.021000,2.893000,1.976000,0.837000,level_1_state_1
1764583087079,0.743000,0.681000,0.125000,0.021000,2.893000,1.976000,0.837000,level_1_state_1
1764583089249,0.742000,0.681000,0.123000,0.021000,2.815000,1.905000,0.812000,level_1_state_1
1764583089452,0.742000,0.682000,0.122000,0.020000,2.973000,2.047000,0.863000,level_1_state_1
1764583090814,0.741000,0.682000,0.122000,0.021000,2.815000,1.905000,0.812000,level_1_state_1
1764583092124,0.741000,0.681000,0.121000,0.021000,2.815000,1.905000,0.812000,level_1_state_1
1764583092577,0.740000,0.681000,0.121000,0.020000,2.815000,1.905000,0.812000,level_1_state_1
1764583092728,0.741000,0.681000,0.120000,0.020000,2.973000,2.047000,0.863000,level_1_state_1
1764583093130,0.740000,0.681000,0.120000,0.020000,2.736000,1.836000,0.786000,level_1_state_1
1764583093331,0.740000,0.681000,0.119000,0.020000,2.736000,1.836000,0.786000,level_1_state_1
1764583093834,0.740000,0.681000,0.118000,0.020000,2.736000,1.836000,0.786000,level_1_state_1
1764583094539,0.740000,0.681000,0.118000,0.020000,2.736000,1.836000,0.786000,level_1_state_1
1764583094993,0.738000,0.681000,0.117000,0.020000,2.658000,1.768000,0.761000,level_1_state_1
1764583094993,0.738000,0.681000,0.117000,0.020000,2.658000,1.768000,0.761000,level_1_state_1
1764583095797,0.738000,0.681000,0.117000,0.020000,2.658000,1.768000,0.761000,level_1_state_1
1764583096954,0.737000,0.680000,0.117000,0.020000,2.736000,1.836000,0.786000,level_1_state_1
1764583097659,0.736000,0.681000,0.118000,0.021000,2.815000,1.905000,0.812000,level_1_state_1
1764583098062,0.736000,0.679000,0.119000,0.022000,2.815000,1.905000,0.812000,level_1_state_1
1764583098464,0.736000,0.680000,0.122000,0.022000,2.736000,1.836000,0.786000,level_1_state_1
1764583098968,0.737000,0.680000,0.122000,0.022000,2.736000,1.836000,0.786000,level_1_state_1
1764583100026,0.737000,0.680000,0.125000,0.023000,2.736000,1.836000,0.786000,level_1_state_1
1764583100530,0.736000,0.680000,0.126000,0.023000,2.736000,1.836000,0.786000,level_1_state_1
1764583100984,0.736000,0.680000,0.128000,0.023000,2.504000,1.635000,0.711000,level_1_state_1
1764583101488,0.736000,0.680000,0.128000,0.023000,2.581000,1.701000,0.736000,level_1_state_1
1764583101640,0.736000,0.679000,0.131000,0.023000,2.815000,1.905000,0.812000,level_1_state_1
1764583102144,0.736000,0.679000,0.131000,0.024000,2.658000,1.768000,0.761000,level_1_state_1
1764583102396,0.736000,0.679000,0.131000,0.023000,2.581000,1.701000,0.736000,level_1_state_1
1764583102700,0.736000,0.679000,0.131000,0.023000,2.581000,1.701000,0.736000,level_1_state_1
1764583102901,0.736000,0.680000,0.132000,0.024000,2.504000,1.635000,0.711000,level_1_state_1
1764583103405,0.735000,0.679000,0.132000,0.023000,2.581000,1.701000,0.736000,level_1_state_1
1764583103909,0.734000,0.679000,0.132000,0.023000,2.581000,1.701000,0.736000,level_1_state_1
1764583103959,0.736000,0.679000,0.132000,0.023000,2.658000,1.768000,0.761000,level_1_state_1
1764583104160,0.736000,0.679000,0.133000,0.023000,2.504000,1.635000,0.711000,level_1_state_1
1764583104412,0.735000,0.679000,0.133000,0.023000,2.428000,1.570000,0.686000,level_1_state_1
1764583104663,0.736000,0.679000,0.133000,0.023000,2.504000,1.635000,0.711000,level_1_state_1
1764583104916,0.736000,0.679000,0.133000,0.023000,2.504000,1.635000,0.711000,level_1_state_1
1764583105421,0.734000,0.679000,0.132000,0.023000,2.504000,1.635000,0.711000,level_1_state_1
1764583105674,0.735000,0.679000,0.132000,0.023000,2.504000,1.635000,0.711000,level_1_state_1
1764583105927,0.735000,0.678000,0.132000,0.022000,2.428000,1.570000,0.686000,level_1_state_1
1764583106180,0.734000,0.679000,0.132000,0.023000,2.428000,1.570000,0.686000,level_1_state_1
1764583106433,0.734000,0.679000,0.132000,0.022000,2.428000,1.570000,0.686000,level_1_state_1
1764583106686,0.735000,0.679000,0.132000,0.023000,2.428000,1.570000,0.686000,level_1_state_1
1764583106938,0.736000,0.680000,0.130000,0.022000,2.428000,1.570000,0.686000,level_1_state_1
1764583107191,0.734000,0.679000,0.130000,0.023000,2.428000,1.570000,0.686000,level_1_state_1
1764583107443,0.734000,0.679000,0.132000,0.022000,2.428000,1.570000,0.686000,level_1_state_1
1764583107694,0.734000,0.680000,0.131000,0.022000,2.428000,1.570000,0.686000,level_1_state_1
1764583108198,0.736000,0.679000,0.130000,0.022000,2.428000,1.570000,0.686000,level_1_state_1
1764583108701,0.736000,0.679000,0.130000,0.022000,2.428000,1.570000,0.686000,level_1_state_1
1764583108953,0.734000,0.680000,0.130000,0.022000,2.428000,1.570000,0.686000,level_1_state_1
1764583109255,0.733000,0.679000,0.130000,0.022000,2.428000,1.570000,0.686000,level_1_state_1
1764583109456,0.733000,0.679000,0.130000,0.022000,2.352000,1.506000,0.662000,level_1_state_1
1764583109808,0.733000,0.679000,0.130000,0.022000,2.428000,1.570000,0.686000,level_1_state_1
1764583120329,0.733000,0.678000,0.128000,0.022000,2.504000,1.635000,0.711000,level_1_state_1
1764583120834,0.733000,0.678000,0.127000,0.022000,2.428000,1.570000,0.686000,level_1_state_1
1764583121086,0.734000,0.678000,0.128000,0.021000,2.428000,1.570000,0.686000,level_1_state_1
1764583121338,0.734000,0.677000,0.126000,0.022000,2.504000,1.635000,0.711000,level_1_state_1
1764583121591,0.733000,0.677000,0.126000,0.022000,2.504000,1.635000,0.711000,level_1_state_1
1764583121844,0.733000,0.677000,0.126000,0.021000,2.504000,1.635000,0.711000,level_1_state_1
1764583122146,0.736000,0.678000,0.126000,0.022000,2.504000,1.635000,0.711000,level_1_state_1
1764583122347,0.734000,0.678000,0.125000,0.021000,2.428000,1.570000,0.686000,level_1_state_1
1764583122851,0.734000,0.678000,0.125000,0.021000,2.428000,1.570000,0.686000,level_1_state_1
1764583123104,0.733000,0.678000,0.124000,0.021000,2.428000,1.570000,0.686000,level_1_state_1
1764583123357,0.733000,0.678000,0.124000,0.021000,2.428000,1.570000,0.686000,level_1_state_1
1764583123608,0.734000,0.677000,0.123000,0.021000,2.428000,1.570000,0.686000,level_1_state_1
1764583124112,0.733000,0.678000,0.122000,0.021000,2.504000,1.635000,0.711000,level_1_state_1
1764583124363,0.733000,0.678000,0.122000,0.021000,2.428000,1.570000,0.686000,level_1_state_1
1764583124867,0.733000,0.678000,0.122000,0.021000,2.504000,1.635000,0.711000,level_1_state_1
1764583125120,0.733000,0.677000,0.122000,0.020000,2.504000,1.635000,0.711000,level_1_state_1
1764583125624,0.733000,0.677000,0.121000,0.021000,2.504000,1.635000,0.711000,level_1_state_1
1764583125927,0.732000,0.677000,0.120000,0.020000,2.504000,1.635000,0.711000,level_1_state_1
1764583126432,0.733000,0.678000,0.119000,0.021000,2.504000,1.635000,0.711000,level_1_state_2
1764583126936,0.733000,0.678000,0.118000,0.020000,2.428000,1.570000,0.686000,level_1_state_2
1764583127187,0.732000,0.678000,0.119000,0.020000,2.428000,1.570000,0.686000,level_1_state_2
1764583127440,0.732000,0.678000,0.118000,0.020000,2.428000,1.570000,0.686000,level_1_state_2
1764583127641,0.732000,0.678000,0.118000,0.020000,2.428000,1.570000,0.686000,level_1_state_2
1764583127942,0.732000,0.678000,0.118000,0.020000,2.428000,1.570000,0.686000,level_1_state_2
1764583128193,0.731000,0.678000,0.117000,0.020000,2.428000,1.570000,0.686000,level_1_state_2
1764583128949,0.731000,0.678000,0.117000,0.020000,2.504000,1.635000,0.711000,level_1_state_2
1764583129202,0.731000,0.678000,0.116000,0.020000,2.428000,1.570000,0.686000,level_1_state_2
1764583129455,0.731000,0.678000,0.116000,0.020000,2.428000,1.570000,0.686000,level_1_state_2
1764583130212,0.732000,0.678000,0.116000,0.020000,2.428000,1.570000,0.686000,level_1_state_2
1764583130716,0.731000,0.678000,0.115000,0.020000,2.428000,1.570000,0.686000,level_1_state_2
1764583130970,0.732000,0.678000,0.115000,0.020000,2.428000,1.570000,0.686000,level_1_state_2
1764583131223,0.732000,0.679000,0.114000,0.020000,2.428000,1.570000,0.686000,level_1_state_2
1764583131474,0.732000,0.678000,0.114000,0.020000,2.428000,1.570000,0.686000,level_1_state_2
1764583132332,0.732000,0.678000,0.114000,0.020000,2.428000,1.570000,0.686000,level_1_state_2
1764583132735,0.732000,0.678000,0.113000,0.020000,2.428000,1.570000,0.686000,level_1_state_2
1764583132987,0.732000,0.678000,0.113000,0.020000,2.428000,1.570000,0.686000,level_1_state_2
1764583133491,0.732000,0.678000,0.113000,0.020000,2.428000,1.570000,0.686000,level_1_state_2
1764583133996,0.731000,0.678000,0.113000,0.020000,2.428000,1.570000,0.686000,level_1_state_2
1764583134247,0.730000,0.678000,0.113000,0.020000,2.428000,1.570000,0.686000,level_1_state_2
1764583134599,0.730000,0.677000,0.112000,0.020000,2.428000,1.570000,0.686000,level_1_state_2
1764583135053,0.730000,0.678000,0.112000,0.020000,2.428000,1.570000,0.686000,level_1_state_2
1764583135305,0.730000,0.677000,0.111000,0.020000,2.352000,1.506000,0.662000,level_1_state_2
1764583135507,0.729000,0.678000,0.112000,0.020000,2.352000,1.506000,0.662000,level_1_state_2
1764583136062,0.730000,0.678000,0.111000,0.020000,2.352000,1.506000,0.662000,level_1_state_2
1764583137071,0.729000,0.677000,0.110000,0.020000,2.352000,1.506000,0.662000,level_1_state_2
1764583137825,0.729000,0.678000,0.110000,0.020000,2.352000,1.506000,0.662000,level_1_state_2
1764583138379,0.727000,0.678000,0.110000,0.020000,2.428000,1.570000,0.686000,level_1_state_2
1764583138429,0.727000,0.677000,0.110000,0.020000,2.504000,1.635000,0.711000,level_1_state_2
1764583139134,0.727000,0.678000,0.109000,0.020000,2.276000,1.444000,0.638000,level_1_state_2
1764583139889,0.726000,0.677000,0.109000,0.020000,2.276000,1.444000,0.638000,level_1_state_2
1764583140291,0.727000,0.678000,0.108000,0.020000,2.276000,1.444000,0.638000,level_1_state_2
1764583140491,0.727000,0.678000,0.108000,0.020000,2.276000,1.444000,0.638000,level_1_state_2
1764583140843,0.726000,0.678000,0.108000,0.020000,2.276000,1.444000,0.638000,level_1_state_2
1764583141295,0.727000,0.678000,0.108000,0.020000,2.276000,1.444000,0.638000,level_1_state_2
1764583141698,0.726000,0.678000,0.108000,0.020000,2.276000,1.444000,0.638000,level_1_state_2
1764583141799,0.726000,0.678000,0.108000,0.020000,2.276000,1.444000,0.638000,level_1_state_2
1764583142303,0.726000,0.678000,0.107000,0.020000,2.276000,1.444000,0.638000,level_1_state_2
1764583142805,0.725000,0.678000,0.107000,0.020000,2.276000,1.444000,0.638000,level_1_state_2
1764583143310,0.726000,0.678000,0.107000,0.020000,2.276000,1.444000,0.638000,level_1_state_2
1764583143814,0.725000,0.678000,0.106000,0.020000,2.276000,1.444000,0.638000,level_1_state_2
1764583145277,0.725000,0.678000,0.106000,0.020000,2.202000,1.382000,0.614000,level_1_state_2
1764583145833,0.724000,0.678000,0.105000,0.020000,2.202000,1.382000,0.614000,level_1_state_2
1764583145884,0.725000,0.678000,0.105000,0.020000,2.276000,1.444000,0.638000,level_1_state_2
1764583146590,0.724000,0.678000,0.105000,0.020000,2.276000,1.444000,0.638000,level_1_state_2
1764583147095,0.724000,0.677000,0.104000,0.020000,2.276000,1.444000,0.638000,level_1_state_2
1764583147549,0.724000,0.677000,0.105000,0.020000,2.202000,1.382000,0.614000,level_1_state_2
1764583147952,0.723000,0.678000,0.104000,0.020000,2.202000,1.382000,0.614000,level_1_state_2
1764583148757,0.724000,0.678000,0.104000,0.020000,2.202000,1.382000,0.614000,level_1_state_2
1764583150017,0.724000,0.677000,0.103000,0.020000,2.504000,1.635000,0.711000,level_1_state_2
1764583150017,0.723000,0.677000,0.102000,0.020000,2.428000,1.570000,0.686000,level_1_state_2
1764583150621,0.722000,0.677000,0.102000,0.020000,2.202000,1.382000,0.614000,level_1_state_2
1764583150723,0.723000,0.677000,0.102000,0.020000,2.276000,1.444000,0.638000,level_1_state_2
1764583151630,0.723000,0.677000,0.102000,0.019000,2.202000,1.382000,0.614000,level_1_state_2
1764583152436,0.722000,0.676000,0.101000,0.020000,2.202000,1.382000,0.614000,level_1_state_2
1764583153091,0.721000,0.677000,0.101000,0.019000,2.127000,1.321000,0.591000,level_1_state_2
1764583153393,0.722000,0.677000,0.101000,0.020000,2.127000,1.321000,0.591000,level_1_state_2
1764583153694,0.722000,0.677000,0.100000,0.020000,2.127000,1.321000,0.591000,level_1_state_2
1764583153796,0.721000,0.677000,0.101000,0.020000,2.127000,1.321000,0.591000,level_1_state_2
1764583154500,0.721000,0.676000,0.100000,0.019000,2.127000,1.321000,0.591000,level_1_state_2
1764583154701,0.721000,0.677000,0.100000,0.019000,2.127000,1.321000,0.591000,level_1_state_2
1764583154752,0.721000,0.677000,0.099000,0.019000,2.127000,1.321000,0.591000,level_1_state_2
1764583155406,0.721000,0.677000,0.100000,0.020000,2.127000,1.321000,0.591000,level_1_state_2
1764583155406,0.721000,0.678000,0.099000,0.019000,2.202000,1.382000,0.614000,level_1_state_2
1764583156010,0.720000,0.677000,0.099000,0.019000,2.127000,1.321000,0.591000,level_1_state_2
1764583156262,0.720000,0.678000,0.099000,0.019000,2.352000,1.506000,0.662000,level_1_state_2
1764583156767,0.720000,0.677000,0.098000,0.019000,2.127000,1.321000,0.591000,level_1_state_2
1764583157222,0.720000,0.677000,0.098000,0.019000,2.127000,1.321000,0.591000,level_1_state_2
1764583157625,0.720000,0.677000,0.098000,0.019000,2.127000,1.321000,0.591000,level_1_state_2
1764583157675,0.719000,0.676000,0.098000,0.019000,2.202000,1.382000,0.614000,level_1_state_2
1764583158280,0.719000,0.677000,0.098000,0.020000,2.127000,1.321000,0.591000,level_1_state_2
1764583158481,0.720000,0.677000,0.098000,0.019000,2.127000,1.321000,0.591000,level_1_state_2
1764583158732,0.720000,0.677000,0.097000,0.020000,2.127000,1.321000,0.591000,level_1_state_2
1764583159540,0.719000,0.677000,0.099000,0.020000,2.127000,1.321000,0.591000,level_1_state_2
1764583159792,0.720000,0.676000,0.099000,0.020000,2.127000,1.321000,0.591000,level_1_state_2
1764583161005,0.718000,0.677000,0.102000,0.022000,2.127000,1.321000,0.591000,level_1_state_2
1764583161308,0.718000,0.676000,0.102000,0.022000,2.127000,1.321000,0.591000,level_1_state_2
1764583161459,0.718000,0.677000,0.104000,0.022000,2.202000,1.382000,0.614000,level_1_state_2
1764583162012,0.720000,0.677000,0.105000,0.023000,2.127000,1.321000,0.591000,level_1_state_2
1764583163018,0.718000,0.676000,0.108000,0.024000,2.202000,1.382000,0.614000,level_1_state_2
1764583165291,0.721000,0.676000,0.113000,0.024000,2.504000,1.635000,0.711000,level_1_state_2
1764583165543,0.722000,0.676000,0.114000,0.024000,2.127000,1.321000,0.591000,level_1_state_2
1764583166047,0.721000,0.676000,0.114000,0.024000,2.127000,1.321000,0.591000,level_1_state_2
1764583166298,0.720000,0.676000,0.114000,0.024000,2.127000,1.321000,0.591000,level_1_state_2
1764583166550,0.721000,0.676000,0.114000,0.024000,2.127000,1.321000,0.591000,level_1_state_2
1764583166802,0.721000,0.677000,0.114000,0.023000,2.127000,1.321000,0.591000,level_1_state_2
1764583167054,0.721000,0.677000,0.114000,0.023000,2.127000,1.321000,0.591000,level_1_state_2
1764583167307,0.722000,0.676000,0.114000,0.023000,2.202000,1.382000,0.614000,level_1_state_2
1764583167560,0.722000,0.677000,0.114000,0.023000,2.127000,1.321000,0.591000,level_1_state_2
1764583167812,0.721000,0.676000,0.114000,0.023000,2.127000,1.321000,0.591000,level_1_state_2
1764583168064,0.722000,0.676000,0.114000,0.023000,2.202000,1.382000,0.614000,level_1_state_2
1764583168317,0.722000,0.677000,0.114000,0.023000,2.127000,1.321000,0.591000,level_1_state_2
1764583168568,0.722000,0.676000,0.114000,0.023000,2.053000,1.262000,0.568000,level_1_state_2
1764583168820,0.722000,0.677000,0.114000,0.022000,2.127000,1.321000,0.591000,level_1_state_2
1764583169072,0.722000,0.677000,0.113000,0.022000,2.127000,1.321000,0.591000,level_1_state_2
1764583169325,0.722000,0.677000,0.114000,0.023000,2.127000,1.321000,0.591000,level_1_state_2
1764583169829,0.722000,0.676000,0.114000,0.022000,2.127000,1.321000,0.591000,level_1_state_2
1764583170334,0.722000,0.676000,0.113000,0.023000,2.127000,1.321000,0.591000,level_1_state_2
1764583170586,0.722000,0.677000,0.113000,0.022000,2.127000,1.321000,0.591000,level_1_state_2
1764583170838,0.722000,0.677000,0.113000,0.022000,2.127000,1.321000,0.591000,level_1_state_2
1764583171091,0.722000,0.676000,0.113000,0.022000,2.127000,1.321000,0.591000,level_1_state_2
1764583171343,0.722000,0.677000,0.113000,0.022000,2.127000,1.321000,0.591000,level_1_state_2
1764583171596,0.722000,0.676000,0.112000,0.022000,2.127000,1.321000,0.591000,level_1_state_2
1764583171847,0.722000,0.676000,0.112000,0.022000,2.127000,1.321000,0.591000,level_1_state_2
1764583172100,0.723000,0.676000,0.112000,0.022000,2.127000,1.321000,0.591000,level_1_state_2
1764583172606,0.722000,0.676000,0.112000,0.022000,2.127000,1.321000,0.591000,level_1_state_2
1764583172858,0.722000,0.677000,0.111000,0.022000,2.127000,1.321000,0.591000,level_1_state_2
1764583173109,0.722000,0.676000,0.110000,0.021000,2.127000,1.321000,0.591000,level_1_state_2
1764583173362,0.722000,0.676000,0.110000,0.022000,2.127000,1.321000,0.591000,level_1_state_2
1764583173614,0.722000,0.676000,0.111000,0.021000,2.053000,1.262000,0.568000,level_1_state_2
1764583173865,0.722000,0.676000,0.110000,0.022000,2.127000,1.321000,0.591000,level_1_state_2
1764583174118,0.722000,0.677000,0.110000,0.022000,2.053000,1.262000,0.568000,level_1_state_2
1764583174371,0.722000,0.677000,0.110000,0.021000,2.127000,1.321000,0.591000,level_1_state_2
1764583174623,0.722000,0.677000,0.110000,0.022000,2.127000,1.321000,0.591000,level_1_state_2
1764583174875,0.722000,0.676000,0.110000,0.021000,2.127000,1.321000,0.591000,level_1_state_2
1764583175380,0.722000,0.677000,0.109000,0.021000,2.053000,1.262000,0.568000,level_1_state_2
1764583175634,0.722000,0.677000,0.109000,0.021000,2.053000,1.262000,0.568000,level_1_state_2
1764583176390,0.722000,0.676000,0.108000,0.021000,2.053000,1.262000,0.568000,level_1_state_2
1764583176643,0.722000,0.676000,0.109000,0.021000,2.053000,1.262000,0.568000,level_1_state_2
1764583176895,0.722000,0.676000,0.108000,0.021000,2.127000,1.321000,0.591000,level_1_state_2
1764583177148,0.722000,0.677000,0.108000,0.021000,2.053000,1.262000,0.568000,level_1_state_2
1764583177400,0.721000,0.676000,0.108000,0.021000,2.053000,1.262000,0.568000,level_1_state_2
1764583177652,0.721000,0.676000,0.108000,0.021000,2.127000,1.321000,0.591000,level_1_state_2
1764583177904,0.721000,0.676000,0.108000,0.021000,2.053000,1.262000,0.568000,level_1_state_2
1764583178155,0.721000,0.676000,0.108000,0.022000,2.053000,1.262000,0.568000,level_1_state_2
1764583178407,0.721000,0.676000,0.108000,0.021000,2.053000,1.262000,0.568000,level_1_state_2
1764583178659,0.721000,0.676000,0.107000,0.021000,2.053000,1.262000,0.568000,level_1_state_2
1764583178911,0.721000,0.676000,0.107000,0.021000,2.053000,1.262000,0.568000,level_1_state_2
1764583179163,0.721000,0.677000,0.108000,0.021000,2.053000,1.262000,0.568000,level_1_state_2
1764583179416,0.721000,0.676000,0.108000,0.021000,2.053000,1.262000,0.568000,level_1_state_2
1764583179668,0.721000,0.676000,0.107000,0.021000,2.352000,1.506000,0.662000,level_1_state_2
1764583179921,0.721000,0.676000,0.107000,0.021000,2.053000,1.262000,0.568000,level_1_state_2
1764583180173,0.721000,0.676000,0.108000,0.021000,2.053000,1.262000,0.568000,level_1_state_2
1764583180678,0.721000,0.676000,0.107000,0.020000,2.053000,1.262000,0.568000,level_1_state_2
1764583181183,0.721000,0.676000,0.107000,0.021000,2.053000,1.262000,0.568000,level_1_state_2
1764583182747,0.721000,0.677000,0.107000,0.021000,2.053000,1.262000,0.568000,level_1_state_2
1764583184006,0.721000,0.676000,0.108000,0.021000,2.053000,1.262000,0.568000,level_1_state_2
1764583185518,0.721000,0.677000,0.109000,0.021000,2.053000,1.262000,0.568000,level_1_state_2
1764583185771,0.721000,0.677000,0.109000,0.022000,2.053000,1.262000,0.568000,level_1_state_2
1764583186023,0.720000,0.677000,0.109000,0.022000,2.053000,1.262000,0.568000,level_1_state_2
1764583186528,0.720000,0.677000,0.110000,0.022000,2.053000,1.262000,0.568000,level_1_state_2
1764583186882,0.720000,0.677000,0.110000,0.022000,2.053000,1.262000,0.568000,level_1_state_2
1764583187084,0.721000,0.676000,0.110000,0.022000,2.202000,1.382000,0.614000,level_1_state_2
1764583187791,0.720000,0.676000,0.109000,0.022000,2.053000,1.262000,0.568000,level_1_state_2
1764583188043,0.720000,0.676000,0.109000,0.022000,2.053000,1.262000,0.568000,level_1_state_2
1764583188295,0.719000,0.677000,0.110000,0.022000,2.053000,1.262000,0.568000,level_1_state_2
1764583188548,0.721000,0.676000,0.110000,0.022000,2.053000,1.262000,0.568000,level_1_state_2
1764583188800,0.720000,0.676000,0.110000,0.022000,2.053000,1.262000,0.568000,level_1_state_2
1764583189305,0.719000,0.676000,0.109000,0.022000,2.053000,1.262000,0.568000,level_1_state_2
1764583189811,0.720000,0.676000,0.109000,0.022000,1.980000,1.203000,0.545000,level_1_state_2
1764583190315,0.720000,0.676000,0.109000,0.022000,2.053000,1.262000,0.568000,level_1_state_2
1764583191881,0.720000,0.675000,0.109000,0.022000,1.980000,1.203000,0.545000,level_1_state_2
1764583192184,0.719000,0.676000,0.109000,0.022000,1.980000,1.203000,0.545000,level_1_state_2
1764583192386,0.720000,0.676000,0.109000,0.022000,2.053000,1.262000,0.568000,level_1_state_2
1764583192893,0.719000,0.676000,0.108000,0.022000,2.053000,1.262000,0.568000,level_1_state_2
1764583193397,0.719000,0.676000,0.108000,0.021000,2.053000,1.262000,0.568000,level_1_state_2
1764583193951,0.718000,0.675000,0.108000,0.021000,1.980000,1.203000,0.545000,level_1_state_2
1764583194103,0.718000,0.676000,0.108000,0.022000,1.980000,1.203000,0.545000,level_1_state_2
1764583195415,0.717000,0.675000,0.107000,0.021000,1.980000,1.203000,0.545000,level_1_state_2
1764583195971,0.718000,0.676000,0.108000,0.021000,1.980000,1.203000,0.545000,level_1_state_2
1764583197182,0.718000,0.676000,0.107000,0.022000,1.980000,1.203000,0.545000,level_1_state_2
1764583199195,0.717000,0.676000,0.106000,0.021000,1.980000,1.203000,0.545000,level_1_state_2
1764583199548,0.718000,0.676000,0.106000,0.021000,1.980000,1.203000,0.545000,level_1_state_2
1764583199699,0.717000,0.675000,0.106000,0.021000,1.980000,1.203000,0.545000,level_1_state_2
1764583199951,0.718000,0.675000,0.106000,0.022000,1.980000,1.203000,0.545000,level_1_state_2
1764583200202,0.717000,0.675000,0.106000,0.022000,1.980000,1.203000,0.545000,level_1_state_2
1764583200555,0.717000,0.675000,0.106000,0.021000,1.980000,1.203000,0.545000,level_1_state_2
1764583201059,0.717000,0.676000,0.106000,0.022000,1.980000,1.203000,0.545000,level_1_state_2
1764583201412,0.717000,0.675000,0.105000,0.021000,1.980000,1.203000,0.545000,level_1_state_2
1764583201462,0.717000,0.674000,0.105000,0.022000,2.053000,1.262000,0.568000,level_1_state_2
1764583201967,0.717000,0.675000,0.105000,0.021000,1.980000,1.203000,0.545000,level_1_state_2
1764583202218,0.718000,0.675000,0.105000,0.020000,1.980000,1.203000,0.545000,level_1_state_2
1764583202521,0.717000,0.675000,0.105000,0.021000,1.980000,1.203000,0.545000,level_1_state_2
1764583203128,0.717000,0.675000,0.105000,0.021000,2.053000,1.262000,0.568000,level_1_state_2
1764583203683,0.716000,0.675000,0.104000,0.021000,1.980000,1.203000,0.545000,level_1_state_2
1764583204189,0.717000,0.675000,0.104000,0.022000,1.980000,1.203000,0.545000,level_1_state_2
1764583204491,0.716000,0.674000,0.104000,0.021000,1.980000,1.203000,0.545000,level_1_state_2
1764583204642,0.716000,0.675000,0.104000,0.021000,1.980000,1.203000,0.545000,level_1_state_2
1764583205297,0.717000,0.674000,0.103000,0.021000,1.908000,1.146000,0.522000,level_1_state_2
1764583205399,0.716000,0.674000,0.103000,0.021000,1.980000,1.203000,0.545000,level_1_state_2
1764583205650,0.717000,0.675000,0.103000,0.021000,1.980000,1.203000,0.545000,level_1_state_2
1764583205902,0.717000,0.675000,0.103000,0.021000,1.980000,1.203000,0.545000,level_1_state_2
1764583206406,0.716000,0.675000,0.103000,0.021000,1.980000,1.203000,0.545000,level_1_state_2
1764583206708,0.716000,0.675000,0.103000,0.021000,1.980000,1.203000,0.545000,level_1_state_2
1764583207110,0.717000,0.675000,0.102000,0.021000,1.980000,1.203000,0.545000,level_1_state_2
1764583207412,0.717000,0.676000,0.102000,0.020000,1.980000,1.203000,0.545000,level_1_state_2
1764583208321,0.717000,0.674000,0.102000,0.021000,1.835000,1.089000,0.500000,level_1_state_2
1764583208574,0.716000,0.674000,0.102000,0.021000,1.980000,1.203000,0.545000,level_1_state_2
1764583209381,0.716000,0.674000,0.102000,0.020000,1.980000,1.203000,0.545000,level_1_state_2
1764583210037,0.717000,0.674000,0.102000,0.021000,1.980000,1.203000,0.545000,level_1_state_2
1764583210088,0.716000,0.675000,0.101000,0.021000,2.053000,1.262000,0.568000,level_1_state_2
1764583211149,0.716000,0.675000,0.101000,0.021000,1.980000,1.203000,0.545000,level_1_state_2
1764583211250,0.716000,0.674000,0.101000,0.021000,1.980000,1.203000,0.545000,level_1_state_2
1764583211805,0.716000,0.674000,0.101000,0.021000,1.980000,1.203000,0.545000,level_1_state_2
1764583212109,0.716000,0.674000,0.101000,0.020000,1.908000,1.146000,0.522000,level_1_state_2
1764583212260,0.716000,0.674000,0.100000,0.021000,1.980000,1.203000,0.545000,level_1_state_2
1764583212564,0.715000,0.675000,0.100000,0.021000,1.980000,1.203000,0.545000,level_1_state_2
1764583212766,0.716000,0.674000,0.101000,0.021000,1.980000,1.203000,0.545000,level_1_state_2
1764583213322,0.715000,0.674000,0.100000,0.020000,1.980000,1.203000,0.545000,level_1_state_2
1764583213524,0.716000,0.674000,0.100000,0.020000,1.980000,1.203000,0.545000,level_1_state_2
1764583214077,0.716000,0.674000,0.100000,0.021000,1.908000,1.146000,0.522000,level_1_state_2
1764583214279,0.715000,0.674000,0.100000,0.021000,1.980000,1.203000,0.545000,level_1_state_2
1764583214784,0.716000,0.674000,0.100000,0.020000,1.980000,1.203000,0.545000,level_1_state_2
1764583215440,0.716000,0.673000,0.100000,0.020000,1.980000,1.203000,0.545000,level_1_state_2
1764583215540,0.715000,0.673000,0.100000,0.021000,1.980000,1.203000,0.545000,level_1_state_2
1764583216347,0.715000,0.674000,0.099000,0.020000,2.352000,1.506000,0.662000,level_1_state_2
1764583216649,0.715000,0.674000,0.099000,0.020000,2.352000,1.506000,0.662000,level_1_state_2
1764583216903,0.715000,0.673000,0.098000,0.021000,1.980000,1.203000,0.545000,level_1_state_2
1764583217155,0.715000,0.674000,0.099000,0.020000,1.980000,1.203000,0.545000,level_1_state_2
1764583217357,0.715000,0.674000,0.098000,0.021000,1.980000,1.203000,0.545000,level_1_state_2
1764583217860,0.715000,0.674000,0.098000,0.021000,1.908000,1.146000,0.522000,level_1_state_2
1764583218112,0.716000,0.674000,0.098000,0.021000,1.980000,1.203000,0.545000,level_1_state_2
1764583218415,0.715000,0.674000,0.098000,0.021000,1.980000,1.203000,0.545000,level_1_state_2
1764583218870,0.714000,0.674000,0.098000,0.020000,1.980000,1.203000,0.545000,level_1_state_2
1764583219424,0.715000,0.673000,0.097000,0.021000,1.980000,1.203000,0.545000,level_1_state_2
1764583219626,0.715000,0.674000,0.098000,0.020000,1.980000,1.203000,0.545000,level_1_state_2
1764583220985,0.714000,0.673000,0.097000,0.021000,1.980000,1.203000,0.545000,level_1_state_2
1764583221137,0.714000,0.673000,0.097000,0.021000,1.980000,1.203000,0.545000,level_1_state_2
1764583221440,0.715000,0.673000,0.098000,0.020000,1.980000,1.203000,0.545000,level_1_state_2
1764583221792,0.715000,0.673000,0.097000,0.021000,1.980000,1.203000,0.545000,level_1_state_2
1764583222397,0.715000,0.673000,0.097000,0.021000,1.980000,1.203000,0.545000,level_1_state_2
1764583222701,0.715000,0.674000,0.097000,0.020000,1.980000,1.203000,0.545000,level_1_state_2
1764583223256,0.714000,0.673000,0.097000,0.021000,1.980000,1.203000,0.545000,level_1_state_2
1764583223811,0.715000,0.673000,0.097000,0.021000,1.980000,1.203000,0.545000,level_1_state_2
1764583224113,0.714000,0.673000,0.097000,0.020000,2.053000,1.262000,0.568000,level_1_state_2
1764583224468,0.715000,0.673000,0.097000,0.021000,1.980000,1.203000,0.545000,level_1_state_2
1764583224669,0.714000,0.673000,0.096000,0.021000,1.980000,1.203000,0.545000,level_1_state_2
1764583224871,0.715000,0.673000,0.097000,0.021000,1.980000,1.203000,0.545000,level_1_state_2
1764583225324,0.714000,0.673000,0.096000,0.021000,1.980000,1.203000,0.545000,level_1_state_2
1764583226083,0.714000,0.673000,0.097000,0.020000,1.980000,1.203000,0.545000,level_1_state_2
1764583226285,0.716000,0.673000,0.096000,0.020000,2.053000,1.262000,0.568000,level_1_state_2
1764583226537,0.715000,0.673000,0.096000,0.021000,1.980000,1.203000,0.545000,level_1_state_2
1764583226688,0.714000,0.673000,0.096000,0.021000,1.980000,1.203000,0.545000,level_1_state_2
1764583227948,0.714000,0.673000,0.096000,0.020000,1.980000,1.203000,0.545000,level_1_state_2
1764583228300,0.714000,0.673000,0.096000,0.020000,1.980000,1.203000,0.545000,level_1_state_2
1764583228754,0.714000,0.673000,0.096000,0.021000,1.980000,1.203000,0.545000,level_1_state_2
1764583229106,0.715000,0.673000,0.096000,0.020000,1.908000,1.146000,0.522000,level_1_state_2
1764583229157,0.715000,0.673000,0.096000,0.021000,2.053000,1.262000,0.568000,level_1_state_2
1764583229460,0.715000,0.673000,0.095000,0.021000,1.980000,1.203000,0.545000,level_1_state_2
1764583230770,0.715000,0.674000,0.095000,0.020000,2.053000,1.262000,0.568000,level_1_state_2
1764583231376,0.715000,0.673000,0.095000,0.020000,1.908000,1.146000,0.522000,level_1_state_2
1764583231728,0.716000,0.673000,0.095000,0.021000,1.980000,1.203000,0.545000,level_1_state_2
1764583231980,0.715000,0.673000,0.095000,0.020000,1.908000,1.146000,0.522000,level_1_state_2
1764583232835,0.714000,0.673000,0.094000,0.020000,1.980000,1.203000,0.545000,level_1_state_2
1764583232937,0.715000,0.673000,0.094000,0.021000,1.980000,1.203000,0.545000,level_1_state_2
1764583233289,0.714000,0.673000,0.094000,0.021000,1.980000,1.203000,0.545000,level_1_state_2
1764583233793,0.714000,0.673000,0.094000,0.020000,1.908000,1.146000,0.522000,level_1_state_2
1764583234446,0.714000,0.673000,0.094000,0.021000,1.908000,1.146000,0.522000,level_1_state_2
1764583234497,0.713000,0.673000,0.094000,0.020000,2.053000,1.262000,0.568000,level_1_state_2
1764583234749,0.714000,0.673000,0.094000,0.020000,1.980000,1.203000,0.545000,level_1_state_2
1764583236057,0.714000,0.673000,0.094000,0.021000,2.127000,1.321000,0.591000,level_1_state_2
1764583236058,0.714000,0.672000,0.093000,0.020000,2.202000,1.382000,0.614000,level_1_state_2
1764583237062,0.715000,0.673000,0.093000,0.020000,2.053000,1.262000,0.568000,level_1_state_2
1764583240083,0.714000,0.672000,0.093000,0.021000,1.980000,1.203000,0.545000,level_1_state_2
1764583240185,0.714000,0.672000,0.093000,0.021000,2.428000,1.570000,0.686000,level_1_state_2
1764583240336,0.715000,0.673000,0.093000,0.021000,2.127000,1.321000,0.591000,level_1_state_2
1764583240790,0.715000,0.673000,0.092000,0.021000,1.980000,1.203000,0.545000,level_1_state_2
1764583241898,0.714000,0.673000,0.093000,0.021000,1.980000,1.203000,0.545000,level_1_state_2
1764583241949,0.715000,0.673000,0.093000,0.021000,2.202000,1.382000,0.614000,level_1_state_2
1764583243860,0.714000,0.673000,0.094000,0.021000,2.276000,1.444000,0.638000,level_1_state_2
1764583244715,0.715000,0.673000,0.093000,0.021000,2.202000,1.382000,0.614000,level_1_state_2
1764583245017,0.714000,0.672000,0.094000,0.021000,2.428000,1.570000,0.686000,level_1_state_2
1764583246926,0.714000,0.673000,0.093000,0.021000,1.980000,1.203000,0.545000,level_1_state_2
1764583250096,0.714000,0.672000,0.094000,0.021000,2.352000,1.506000,0.662000,level_1_state_2
1764583250550,0.714000,0.672000,0.094000,0.021000,2.428000,1.570000,0.686000,level_1_state_2
1764583250702,0.713000,0.672000,0.093000,0.021000,2.581000,1.701000,0.736000,level_1_state_2
1764583250904,0.714000,0.672000,0.093000,0.021000,1.980000,1.203000,0.545000,level_1_state_2
1764583251156,0.714000,0.670000,0.093000,0.021000,1.908000,1.146000,0.522000,level_1_state_2
1764583251308,0.714000,0.672000,0.093000,0.021000,1.908000,1.146000,0.522000,level_1_state_2
1764583251862,0.715000,0.672000,0.093000,0.021000,1.908000,1.146000,0.522000,level_1_state_2
1764583252516,0.714000,0.672000,0.093000,0.021000,1.908000,1.146000,0.522000,level_1_state_2
1764583252668,0.714000,0.672000,0.093000,0.021000,1.908000,1.146000,0.522000,level_1_state_2
1764583252920,0.714000,0.672000,0.094000,0.021000,1.908000,1.146000,0.522000,level_1_state_2
1764583253222,0.714000,0.672000,0.094000,0.021000,1.908000,1.146000,0.522000,level_1_state_2
1764583253524,0.715000,0.672000,0.093000,0.021000,1.908000,1.146000,0.522000,level_1_state_2
1764583253776,0.714000,0.672000,0.093000,0.021000,1.908000,1.146000,0.522000,level_1_state_2
1764583253928,0.714000,0.673000,0.093000,0.021000,1.908000,1.146000,0.522000,level_1_state_2
1764583254431,0.714000,0.672000,0.093000,0.021000,1.908000,1.146000,0.522000,level_1_state_2
1764583254733,0.714000,0.673000,0.093000,0.021000,1.908000,1.146000,0.522000,level_1_state_2
1764583254935,0.714000,0.672000,0.094000,0.021000,1.908000,1.146000,0.522000,level_1_state_2
1764583255187,0.714000,0.672000,0.093000,0.021000,1.908000,1.146000,0.522000,level_1_state_2
1764583257005,0.714000,0.672000,0.093000,0.021000,1.908000,1.146000,0.522000,level_1_state_2
1764583257658,0.714000,0.672000,0.093000,0.021000,1.908000,1.146000,0.522000,level_1_state_2
1764583257759,0.714000,0.670000,0.092000,0.021000,2.276000,1.444000,0.638000,level_1_state_2
1764583258061,0.715000,0.672000,0.093000,0.021000,1.908000,1.146000,0.522000,level_1_state_2
1764583258262,0.714000,0.672000,0.093000,0.021000,1.908000,1.146000,0.522000,level_1_state_2
1764583258514,0.715000,0.672000,0.093000,0.021000,1.908000,1.146000,0.522000,level_1_state_2
1764583270302,0.715000,0.670000,0.092000,0.021000,1.908000,1.146000,0.522000,level_1_state_2
1764583270704,0.714000,0.670000,0.092000,0.021000,1.980000,1.203000,0.545000,level_1_state_2
1764583272164,0.715000,0.669000,0.093000,0.021000,1.835000,1.089000,0.500000,level_1_state_2
1764583273021,0.715000,0.670000,0.093000,0.021000,2.127000,1.321000,0.591000,level_1_state_2
1764583273224,0.715000,0.670000,0.093000,0.021000,1.908000,1.146000,0.522000,level_1_state_2
1764583273828,0.716000,0.670000,0.093000,0.021000,1.835000,1.089000,0.500000,level_1_state_2
1764583274382,0.715000,0.670000,0.093000,0.020000,1.835000,1.089000,0.500000,level_1_state_2
1764583275037,0.715000,0.670000,0.092000,0.021000,1.835000,1.089000,0.500000,level_1_state_2
1764583275239,0.715000,0.670000,0.093000,0.021000,1.835000,1.089000,0.500000,level_1_state_2
1764583275390,0.715000,0.670000,0.093000,0.021000,1.835000,1.089000,0.500000,level_1_state_2
1764583275742,0.716000,0.669000,0.093000,0.021000,1.835000,1.089000,0.500000,level_1_state_2
1764583275894,0.716000,0.670000,0.092000,0.021000,1.835000,1.089000,0.500000,level_1_state_2
1764583276147,0.715000,0.670000,0.092000,0.021000,1.835000,1.089000,0.500000,level_1_state_2
1764583276400,0.715000,0.670000,0.092000,0.021000,1.835000,1.089000,0.500000,level_1_state_2
1764583276652,0.715000,0.670000,0.093000,0.020000,1.835000,1.089000,0.500000,level_1_state_2
1764583276956,0.716000,0.672000,0.092000,0.021000,1.835000,1.089000,0.500000,level_1_state_2
1764583277158,0.715000,0.669000,0.092000,0.021000,1.835000,1.089000,0.500000,level_1_state_2
1764583277914,0.716000,0.670000,0.092000,0.021000,1.835000,1.089000,0.500000,level_1_state_2
1764583278266,0.716000,0.670000,0.092000,0.021000,1.835000,1.089000,0.500000,level_1_state_2
1764583278416,0.715000,0.670000,0.092000,0.020000,1.835000,1.089000,0.500000,level_1_state_2
1764583279422,0.716000,0.670000,0.092000,0.021000,1.835000,1.089000,0.500000,level_1_state_2
1764583279472,0.716000,0.670000,0.091000,0.021000,2.127000,1.321000,0.591000,level_1_state_2
1764583279724,0.716000,0.670000,0.091000,0.021000,1.835000,1.089000,0.500000,level_1_state_2
1764583280026,0.716000,0.670000,0.091000,0.020000,1.835000,1.089000,0.500000,level_1_state_2
1764583281837,0.715000,0.670000,0.091000,0.021000,1.764000,1.034000,0.478000,level_1_state_2
1764583282794,0.716000,0.669000,0.091000,0.021000,1.835000,1.089000,0.500000,level_1_state_2
1764583282946,0.715000,0.669000,0.090000,0.021000,2.202000,1.382000,0.614000,level_1_state_2
1764583282997,0.716000,0.670000,0.090000,0.021000,2.053000,1.262000,0.568000,level_1_state_2
1764583283651,0.716000,0.669000,0.089000,0.021000,1.764000,1.034000,0.478000,level_1_state_2
1764583284708,0.715000,0.670000,0.090000,0.020000,1.835000,1.089000,0.500000,level_1_state_2
1764583285061,0.716000,0.670000,0.090000,0.020000,1.908000,1.146000,0.522000,level_1_state_2
1764583285868,0.715000,0.669000,0.089000,0.020000,1.908000,1.146000,0.522000,level_1_state_2
1764583286222,0.716000,0.669000,0.089000,0.020000,1.764000,1.034000,0.478000,level_1_state_2
1764583287381,0.715000,0.670000,0.089000,0.020000,1.764000,1.034000,0.478000,level_1_state_2
1764583287734,0.715000,0.669000,0.089000,0.020000,1.835000,1.089000,0.500000,level_1_state_2
1764583287936,0.716000,0.669000,0.089000,0.021000,1.764000,1.034000,0.478000,level_1_state_2
1764583288439,0.715000,0.669000,0.089000,0.021000,1.764000,1.034000,0.478000,level_1_state_2
1764583288489,0.715000,0.669000,0.089000,0.021000,1.835000,1.089000,0.500000,level_1_state_2
1764583292311,0.716000,0.669000,0.089000,0.021000,1.835000,1.089000,0.500000,level_1_state_2
1764583301772,0.715000,0.669000,0.090000,0.021000,2.658000,1.768000,0.761000,level_1_state_2
1764583302024,0.716000,0.669000,0.089000,0.020000,2.276000,1.444000,0.638000,level_1_state_2
1764583302075,0.715000,0.668000,0.089000,0.020000,1.980000,1.203000,0.545000,level_1_state_2
1764583302226,0.716000,0.669000,0.088000,0.020000,1.764000,1.034000,0.478000,level_1_state_2
1764583302782,0.716000,0.669000,0.088000,0.020000,1.764000,1.034000,0.478000,level_1_state_2
1764583303336,0.716000,0.669000,0.089000,0.020000,1.764000,1.034000,0.478000,level_1_state_2
1764583305248,0.716000,0.669000,0.088000,0.021000,1.764000,1.034000,0.478000,level_1_state_2
1764583305248,0.716000,0.668000,0.087000,0.020000,2.053000,1.262000,0.568000,level_1_state_2
1764583308468,0.716000,0.669000,0.087000,0.020000,1.764000,1.034000,0.478000,level_1_state_2
1764583310280,0.715000,0.669000,0.087000,0.020000,2.127000,1.321000,0.591000,level_1_state_2
1764583310431,0.716000,0.668000,0.087000,0.020000,2.276000,1.444000,0.638000,level_1_state_2
1764583310934,0.716000,0.669000,0.086000,0.020000,1.764000,1.034000,0.478000,level_1_state_2
1764583312091,0.717000,0.669000,0.086000,0.020000,1.764000,1.034000,0.478000,level_1_state_2
1764583312695,0.716000,0.669000,0.086000,0.020000,1.835000,1.089000,0.500000,level_1_state_2
1764583313048,0.716000,0.669000,0.086000,0.020000,1.908000,1.146000,0.522000,level_1_state_2
1764583313098,0.716000,0.670000,0.085000,0.020000,1.908000,1.146000,0.522000,level_1_state_2
1764583313803,0.717000,0.669000,0.085000,0.020000,1.764000,1.034000,0.478000,level_1_state_2
1764583313853,0.717000,0.669000,0.085000,0.020000,1.908000,1.146000,0.522000,level_1_state_2
1764583314105,0.717000,0.669000,0.085000,0.020000,1.693000,0.980000,0.456000,level_1_state_2
1764583314608,0.716000,0.669000,0.085000,0.020000,1.764000,1.034000,0.478000,level_1_state_2
1764583314860,0.717000,0.669000,0.085000,0.020000,1.553000,0.875000,0.414000,level_1_state_2
1764583315112,0.717000,0.669000,0.084000,0.020000,1.693000,0.980000,0.456000,level_1_state_2
1764583315363,0.717000,0.669000,0.084000,0.020000,1.623000,0.927000,0.435000,level_1_state_2
1764583315615,0.717000,0.669000,0.085000,0.020000,1.693000,0.980000,0.456000,level_1_state_2
1764583315868,0.716000,0.668000,0.084000,0.020000,1.693000,0.980000,0.456000,level_1_state_2
1764583316473,0.717000,0.669000,0.084000,0.020000,1.693000,0.980000,0.456000,level_1_state_2
1764583316574,0.716000,0.669000,0.084000,0.020000,1.980000,1.203000,0.545000,level_1_state_2
1764583317079,0.717000,0.669000,0.084000,0.020000,1.764000,1.034000,0.478000,level_1_state_2
1764583317632,0.717000,0.669000,0.084000,0.020000,1.693000,0.980000,0.456000,level_1_state_2
1764583317732,0.717000,0.669000,0.084000,0.020000,1.835000,1.089000,0.500000,level_1_state_2
1764583317934,0.717000,0.669000,0.084000,0.020000,1.764000,1.034000,0.478000,level_1_state_2
1764583318337,0.717000,0.669000,0.084000,0.020000,1.693000,0.980000,0.456000,level_1_state_2
1764583318939,0.717000,0.669000,0.084000,0.020000,1.764000,1.034000,0.478000,level_1_state_2
1764583319091,0.718000,0.669000,0.084000,0.020000,1.764000,1.034000,0.478000,level_1_state_2
1764583319444,0.717000,0.669000,0.083000,0.020000,1.693000,0.980000,0.456000,level_1_state_2
1764583319997,0.716000,0.668000,0.084000,0.020000,1.693000,0.980000,0.456000,level_1_state_2
1764583320400,0.717000,0.668000,0.083000,0.019000,1.693000,0.980000,0.456000,level_1_state_2
1764583320451,0.717000,0.669000,0.083000,0.019000,1.693000,0.980000,0.456000,level_1_state_2
1764583321154,0.717000,0.669000,0.083000,0.020000,1.693000,0.980000,0.456000,level_1_state_2
1764583321255,0.717000,0.669000,0.083000,0.020000,1.693000,0.980000,0.456000,level_1_state_2
1764583321759,0.716000,0.669000,0.083000,0.020000,1.693000,0.980000,0.456000,level_1_state_2
1764583322011,0.716000,0.667000,0.082000,0.020000,1.764000,1.034000,0.478000,level_1_state_2
1764583322263,0.717000,0.668000,0.082000,0.020000,1.764000,1.034000,0.478000,level_1_state_2
1764583323068,0.717000,0.669000,0.082000,0.020000,1.693000,0.980000,0.456000,level_1_state_2
1764583323269,0.717000,0.669000,0.082000,0.019000,1.693000,0.980000,0.456000,level_1_state_2
1764583323571,0.717000,0.668000,0.082000,0.020000,1.764000,1.034000,0.478000,level_1_state_2
1764583324025,0.717000,0.669000,0.082000,0.020000,1.764000,1.034000,0.478000,level_1_state_2
1764583324277,0.717000,0.669000,0.082000,0.020000,1.693000,0.980000,0.456000,level_1_state_2
1764583324578,0.717000,0.668000,0.082000,0.020000,1.693000,0.980000,0.456000,level_1_state_2
1764583324779,0.717000,0.668000,0.082000,0.020000,1.693000,0.980000,0.456000,level_1_state_2
1764583325081,0.717000,0.669000,0.082000,0.020000,1.693000,0.980000,0.456000,level_1_state_2
1764583326339,0.717000,0.669000,0.081000,0.019000,1.764000,1.034000,0.478000,level_1_state_2
1764583327094,0.717000,0.669000,0.081000,0.019000,1.764000,1.034000,0.478000,level_1_state_2
1764583327599,0.716000,0.669000,0.081000,0.020000,1.693000,0.980000,0.456000,level_1_state_2
1764583328606,0.717000,0.667000,0.082000,0.019000,1.764000,1.034000,0.478000,level_1_state_2
1764583328858,0.717000,0.669000,0.081000,0.020000,1.693000,0.980000,0.456000,level_1_state_2
1764583329110,0.718000,0.669000,0.081000,0.019000,1.764000,1.034000,0.478000,level_1_state_2
1764583329562,0.717000,0.669000,0.081000,0.020000,1.764000,1.034000,0.478000,level_1_state_2
1764583329613,0.717000,0.669000,0.081000,0.020000,1.693000,0.980000,0.456000,level_1_state_2
1764583330117,0.717000,0.669000,0.081000,0.020000,1.693000,0.980000,0.456000,level_1_state_2
1764583331625,0.717000,0.668000,0.081000,0.020000,1.764000,1.034000,0.478000,level_1_state_2
1764583332282,0.717000,0.668000,0.081000,0.020000,1.623000,0.927000,0.435000,level_1_state_2
1764583332433,0.717000,0.669000,0.081000,0.020000,1.764000,1.034000,0.478000,level_1_state_2
1764583333594,0.717000,0.669000,0.081000,0.020000,1.835000,1.089000,0.500000,level_1_state_2
1764583333746,0.717000,0.669000,0.081000,0.020000,1.835000,1.089000,0.500000,level_1_state_2
1764583334201,0.717000,0.669000,0.081000,0.020000,1.764000,1.034000,0.478000,level_1_state_2
1764583334705,0.716000,0.669000,0.081000,0.020000,1.693000,0.980000,0.456000,level_1_state_2
1764583335009,0.717000,0.669000,0.081000,0.020000,1.835000,1.089000,0.500000,level_1_state_2
1764583335110,0.716000,0.668000,0.081000,0.020000,1.835000,1.089000,0.500000,level_1_state_2
1764583336165,0.717000,0.669000,0.081000,0.020000,1.980000,1.203000,0.545000,level_1_state_2
1764583336366,0.717000,0.668000,0.081000,0.019000,1.764000,1.034000,0.478000,level_1_state_2
1764583336669,0.717000,0.669000,0.080000,0.020000,1.693000,0.980000,0.456000,level_1_state_2
1764583337323,0.717000,0.669000,0.081000,0.020000,1.764000,1.034000,0.478000,level_1_state_2
1764583337576,0.718000,0.668000,0.081000,0.020000,1.764000,1.034000,0.478000,level_1_state_2
1764583338283,0.717000,0.668000,0.081000,0.020000,1.764000,1.034000,0.478000,level_1_state_2
1764583338333,0.717000,0.669000,0.081000,0.019000,1.908000,1.146000,0.522000,level_1_state_2
1764583338586,0.717000,0.669000,0.081000,0.020000,1.764000,1.034000,0.478000,level_1_state_2
1764583339040,0.717000,0.669000,0.081000,0.020000,1.764000,1.034000,0.478000,level_1_state_2
1764583339442,0.717000,0.668000,0.081000,0.020000,1.835000,1.089000,0.500000,level_1_state_2
1764583339946,0.717000,0.668000,0.081000,0.020000,1.764000,1.034000,0.478000,level_1_state_2
1764583340299,0.717000,0.668000,0.081000,0.020000,1.764000,1.034000,0.478000,level_1_state_2
1764583340551,0.717000,0.668000,0.081000,0.020000,1.764000,1.034000,0.478000,level_1_state_2
1764583340803,0.718000,0.668000,0.081000,0.020000,1.764000,1.034000,0.478000,level_1_state_2
1764583341257,0.717000,0.669000,0.081000,0.020000,1.835000,1.089000,0.500000,level_1_state_2
1764583341810,0.717000,0.669000,0.081000,0.020000,1.764000,1.034000,0.478000,level_1_state_2
1764583343021,0.718000,0.669000,0.081000,0.020000,1.835000,1.089000,0.500000,level_1_state_2
1764583343827,0.717000,0.669000,0.081000,0.020000,1.835000,1.089000,0.500000,level_1_state_2
1764583344029,0.717000,0.668000,0.081000,0.020000,2.127000,1.321000,0.591000,level_1_state_2
1764583344682,0.718000,0.668000,0.081000,0.020000,1.764000,1.034000,0.478000,level_1_state_2
1764583344733,0.718000,0.669000,0.081000,0.020000,1.908000,1.146000,0.522000,level_1_state_2
1764583345236,0.717000,0.668000,0.081000,0.020000,1.835000,1.089000,0.500000,level_1_state_2
1764583345438,0.717000,0.668000,0.081000,0.020000,1.764000,1.034000,0.478000,level_1_state_2
1764583347050,0.718000,0.669000,0.081000,0.020000,1.764000,1.034000,0.478000,level_1_state_2
1764583347301,0.717000,0.668000,0.081000,0.019000,1.835000,1.089000,0.500000,level_1_state_2
1764583348260,0.717000,0.668000,0.080000,0.020000,1.835000,1.089000,0.500000,level_1_state_2
1764583348512,0.717000,0.668000,0.081000,0.020000,1.835000,1.089000,0.500000,level_1_state_2
1764583348814,0.717000,0.668000,0.080000,0.020000,1.835000,1.089000,0.500000,level_1_state_2
1764583349268,0.717000,0.669000,0.081000,0.020000,1.835000,1.089000,0.500000,level_1_state_2
1764583349975,0.717000,0.667000,0.081000,0.020000,1.835000,1.089000,0.500000,level_1_state_2
1764583351035,0.717000,0.668000,0.080000,0.020000,1.835000,1.089000,0.500000,level_1_state_2
1764583351086,0.717000,0.668000,0.081000,0.020000,1.908000,1.146000,0.522000,level_1_state_2
1764583351438,0.718000,0.668000,0.081000,0.019000,2.127000,1.321000,0.591000,level_1_state_2
1764583352247,0.717000,0.668000,0.081000,0.020000,1.835000,1.089000,0.500000,level_1_state_2
1764583352399,0.717000,0.667000,0.081000,0.020000,1.835000,1.089000,0.500000,level_1_state_2
1764583352651,0.717000,0.668000,0.081000,0.019000,1.835000,1.089000,0.500000,level_1_state_2
1764583352953,0.718000,0.668000,0.080000,0.020000,1.835000,1.089000,0.500000,level_1_state_2
1764583353104,0.718000,0.668000,0.081000,0.020000,1.908000,1.146000,0.522000,level_1_state_2
1764583353456,0.717000,0.669000,0.081000,0.020000,1.835000,1.089000,0.500000,level_1_state_2
1764583354212,0.718000,0.669000,0.080000,0.020000,2.127000,1.321000,0.591000,level_1_state_2
1764583354363,0.718000,0.669000,0.081000,0.020000,1.980000,1.203000,0.545000,level_1_state_2
1764583354717,0.718000,0.668000,0.080000,0.020000,1.835000,1.089000,0.500000,level_1_state_2
1764583355070,0.718000,0.668000,0.080000,0.020000,1.980000,1.203000,0.545000,level_1_state_2
1764583355523,0.717000,0.668000,0.081000,0.020000,1.835000,1.089000,0.500000,level_1_state_2
1764583356178,0.717000,0.668000,0.081000,0.020000,1.835000,1.089000,0.500000,level_1_state_2
1764583356883,0.717000,0.667000,0.081000,0.020000,1.835000,1.089000,0.500000,level_1_state_2
1764583357739,0.718000,0.667000,0.081000,0.020000,1.835000,1.089000,0.500000,level_1_state_2
1764583358042,0.717000,0.668000,0.081000,0.020000,1.835000,1.089000,0.500000,level_1_state_2
1764583358746,0.717000,0.667000,0.082000,0.020000,1.835000,1.089000,0.500000,level_1_state_2
1764583359099,0.717000,0.667000,0.081000,0.020000,1.835000,1.089000,0.500000,level_1_state_2
1764583359301,0.717000,0.667000,0.082000,0.020000,1.835000,1.089000,0.500000,level_1_state_2
1764583360360,0.718000,0.668000,0.082000,0.020000,1.835000,1.089000,0.500000,level_1_state_2
1764583361216,0.718000,0.667000,0.082000,0.021000,1.908000,1.146000,0.522000,level_1_state_2
1764583361570,0.718000,0.667000,0.082000,0.020000,2.053000,1.262000,0.568000,level_1_state_2
1764583361873,0.717000,0.667000,0.083000,0.020000,1.835000,1.089000,0.500000,level_1_state_2
1764583363134,0.717000,0.668000,0.082000,0.021000,1.835000,1.089000,0.500000,level_1_state_2
1764583363285,0.718000,0.667000,0.083000,0.020000,2.053000,1.262000,0.568000,level_1_state_2
1764583363840,0.718000,0.667000,0.083000,0.020000,1.835000,1.089000,0.500000,level_1_state_2
1764583364093,0.717000,0.668000,0.083000,0.020000,1.835000,1.089000,0.500000,level_1_state_2
1764583364647,0.717000,0.667000,0.082000,0.021000,1.835000,1.089000,0.500000,level_1_state_2
1764583365153,0.718000,0.668000,0.083000,0.020000,1.908000,1.146000,0.522000,level_1_state_2
1764583365255,0.717000,0.667000,0.082000,0.020000,1.764000,1.034000,0.478000,level_1_state_2
1764583365759,0.718000,0.668000,0.082000,0.020000,1.835000,1.089000,0.500000,level_1_state_2
1764583366313,0.717000,0.667000,0.082000,0.020000,1.764000,1.034000,0.478000,level_1_state_2
1764583367622,0.718000,0.667000,0.082000,0.020000,2.053000,1.262000,0.568000,level_1_state_1
1764583368478,0.720000,0.667000,0.082000,0.020000,1.835000,1.089000,0.500000,level_1_state_1
1764583369134,0.722000,0.667000,0.083000,0.020000,1.764000,1.034000,0.478000,level_1_state_1
1764583369990,0.724000,0.667000,0.083000,0.020000,1.764000,1.034000,0.478000,level_1_state_1
1764583370041,0.729000,0.667000,0.084000,0.020000,2.127000,1.321000,0.591000,level_1_state_1
1764583371450,0.734000,0.667000,0.086000,0.021000,1.908000,1.146000,0.522000,level_1_state_1
1764583371904,0.738000,0.667000,0.087000,0.020000,1.980000,1.203000,0.545000,level_1_state_1
1764583372005,0.740000,0.668000,0.088000,0.020000,1.835000,1.089000,0.500000,level_1_state_1
1764583372862,0.740000,0.668000,0.088000,0.020000,1.835000,1.089000,0.500000,level_1_state_1
1764583374122,0.745000,0.668000,0.090000,0.021000,1.908000,1.146000,0.522000,level_1_state_1
1764583374675,0.745000,0.669000,0.090000,0.020000,1.980000,1.203000,0.545000,level_1_state_1
1764583375078,0.747000,0.669000,0.092000,0.021000,1.908000,1.146000,0.522000,level_1_state_1
1764583376138,0.746000,0.669000,0.092000,0.020000,1.908000,1.146000,0.522000,level_1_state_1
1764583376441,0.747000,0.669000,0.092000,0.020000,2.127000,1.321000,0.591000,level_1_state_1
1764583377248,0.748000,0.669000,0.093000,0.020000,2.053000,1.262000,0.568000,level_1_state_1
1764583377652,0.748000,0.669000,0.094000,0.020000,2.202000,1.382000,0.614000,level_1_state_1
1764583377652,0.748000,0.669000,0.093000,0.020000,2.053000,1.262000,0.568000,level_1_state_1
1764583377904,0.748000,0.669000,0.094000,0.021000,1.980000,1.203000,0.545000,level_1_state_1
1764583378864,0.749000,0.669000,0.095000,0.021000,2.053000,1.262000,0.568000,level_1_state_1
1764583379468,0.748000,0.669000,0.095000,0.021000,1.980000,1.203000,0.545000,level_1_state_1
1764583380072,0.749000,0.669000,0.095000,0.021000,1.980000,1.203000,0.545000,level_1_state_1
1764583380575,0.749000,0.669000,0.095000,0.021000,1.980000,1.203000,0.545000,level_1_state_1
1764583382035,0.748000,0.669000,0.097000,0.021000,2.352000,1.506000,0.662000,level_1_state_1
1764583382438,0.748000,0.669000,0.098000,0.020000,1.980000,1.203000,0.545000,level_1_state_1
1764583383093,0.747000,0.669000,0.098000,0.020000,2.053000,1.262000,0.568000,level_1_state_1
1764583383194,0.748000,0.669000,0.098000,0.021000,2.053000,1.262000,0.568000,level_1_state_1
1764583384151,0.747000,0.669000,0.098000,0.021000,2.053000,1.262000,0.568000,level_1_state_1
1764583384655,0.746000,0.669000,0.099000,0.021000,2.202000,1.382000,0.614000,level_1_state_1
1764583384706,0.747000,0.670000,0.100000,0.021000,2.127000,1.321000,0.591000,level_1_state_1
1764583386014,0.746000,0.669000,0.100000,0.021000,2.276000,1.444000,0.638000,level_1_state_1
1764583386418,0.745000,0.669000,0.101000,0.021000,2.202000,1.382000,0.614000,level_1_state_1
1764583386469,0.746000,0.669000,0.102000,0.021000,2.202000,1.382000,0.614000,level_1_state_1
1764583387074,0.746000,0.669000,0.102000,0.022000,2.202000,1.382000,0.614000,level_1_state_1
1764583387980,0.746000,0.669000,0.102000,0.022000,2.276000,1.444000,0.638000,level_1_state_1
1764583388583,0.745000,0.670000,0.103000,0.022000,2.428000,1.570000,0.686000,level_1_state_1
1764583388784,0.745000,0.669000,0.104000,0.022000,2.428000,1.570000,0.686000,level_1_state_1
1764583389036,0.745000,0.669000,0.104000,0.021000,2.352000,1.506000,0.662000,level_1_state_1
1764583389187,0.745000,0.669000,0.105000,0.022000,2.352000,1.506000,0.662000,level_1_state_1
1764583389742,0.745000,0.670000,0.105000,0.022000,2.352000,1.506000,0.662000,level_1_state_1
1764583390095,0.744000,0.670000,0.105000,0.022000,2.352000,1.506000,0.662000,level_1_state_1
1764583390297,0.745000,0.670000,0.105000,0.021000,2.428000,1.570000,0.686000,level_1_state_1
1764583391055,0.745000,0.670000,0.106000,0.022000,2.352000,1.506000,0.662000,level_1_state_1
1764583391106,0.745000,0.669000,0.106000,0.022000,2.352000,1.506000,0.662000,level_1_state_1
1764583391609,0.745000,0.670000,0.106000,0.021000,2.352000,1.506000,0.662000,level_1_state_1
1764583391760,0.745000,0.670000,0.106000,0.022000,2.428000,1.570000,0.686000,level_1_state_1
1764583392062,0.744000,0.669000,0.106000,0.021000,2.504000,1.635000,0.711000,level_1_state_1
1764583392969,0.745000,0.670000,0.106000,0.021000,2.428000,1.570000,0.686000,level_1_state_1
1764583393421,0.744000,0.669000,0.106000,0.021000,2.428000,1.570000,0.686000,level_1_state_1
1764583394127,0.743000,0.670000,0.106000,0.021000,2.428000,1.570000,0.686000,level_1_state_1
1764583394886,0.743000,0.670000,0.106000,0.022000,2.428000,1.570000,0.686000,level_1_state_1
1764583395139,0.742000,0.672000,0.107000,0.021000,2.658000,1.768000,0.761000,level_1_state_1
1764583395643,0.741000,0.671000,0.107000,0.022000,2.504000,1.635000,0.711000,level_1_state_1
1764583396198,0.742000,0.670000,0.106000,0.021000,2.504000,1.635000,0.711000,level_1_state_1
1764583396451,0.742000,0.670000,0.106000,0.021000,2.504000,1.635000,0.711000,level_1_state_1
1764583396652,0.741000,0.670000,0.106000,0.021000,2.504000,1.635000,0.711000,level_1_state_1
1764583396955,0.741000,0.670000,0.107000,0.021000,2.504000,1.635000,0.711000,level_1_state_1
1764583397157,0.741000,0.670000,0.107000,0.022000,2.504000,1.635000,0.711000,level_1_state_1
1764583397711,0.741000,0.670000,0.107000,0.022000,2.504000,1.635000,0.711000,level_1_state_1
1764583397912,0.741000,0.670000,0.107000,0.022000,2.504000,1.635000,0.711000,level_1_state_1
1764583398215,0.741000,0.669000,0.107000,0.022000,2.504000,1.635000,0.711000,level_1_state_1
1764583399726,0.741000,0.669000,0.107000,0.021000,2.504000,1.635000,0.711000,level_1_state_1
1764583400080,0.740000,0.669000,0.107000,0.021000,2.504000,1.635000,0.711000,level_1_state_1
1764583400332,0.740000,0.670000,0.108000,0.022000,2.428000,1.570000,0.686000,level_1_state_1
1764583400837,0.740000,0.670000,0.107000,0.021000,2.428000,1.570000,0.686000,level_1_state_1
1764583401090,0.740000,0.670000,0.107000,0.021000,2.428000,1.570000,0.686000,level_1_state_1
1764583401593,0.740000,0.670000,0.107000,0.021000,2.428000,1.570000,0.686000,level_1_state_1
1764583402349,0.740000,0.670000,0.107000,0.021000,2.428000,1.570000,0.686000,level_1_state_1
1764583402600,0.739000,0.670000,0.106000,0.021000,2.428000,1.570000,0.686000,level_1_state_1
1764583402852,0.739000,0.670000,0.106000,0.021000,2.428000,1.570000,0.686000,level_1_state_1
1764583403104,0.739000,0.671000,0.106000,0.021000,2.428000,1.570000,0.686000,level_1_state_1
1764583403356,0.739000,0.670000,0.106000,0.022000,2.428000,1.570000,0.686000,level_1_state_1
1764583403609,0.739000,0.670000,0.106000,0.021000,2.428000,1.570000,0.686000,level_1_state_1
1764583403860,0.738000,0.672000,0.106000,0.021000,2.428000,1.570000,0.686000,level_1_state_1
1764583404366,0.738000,0.670000,0.105000,0.021000,2.428000,1.570000,0.686000,level_1_state_1
1764583404870,0.738000,0.672000,0.105000,0.021000,2.352000,1.506000,0.662000,level_1_state_1
1764583405123,0.737000,0.672000,0.105000,0.021000,2.352000,1.506000,0.662000,level_1_state_1
1764583405375,0.737000,0.672000,0.105000,0.021000,2.352000,1.506000,0.662000,level_1_state_1
1764583405628,0.737000,0.670000,0.105000,0.021000,2.352000,1.506000,0.662000,level_1_state_1
1764583405880,0.737000,0.670000,0.105000,0.021000,2.352000,1.506000,0.662000,level_1_state_1
1764583406133,0.737000,0.670000,0.104000,0.021000,2.352000,1.506000,0.662000,level_1_state_1
1764583406386,0.737000,0.670000,0.104000,0.021000,2.352000,1.506000,0.662000,level_1_state_1
1764583406639,0.737000,0.672000,0.104000,0.021000,2.352000,1.506000,0.662000,level_1_state_1
1764583406892,0.737000,0.672000,0.104000,0.021000,2.352000,1.506000,0.662000,level_1_state_1
1764583407144,0.737000,0.672000,0.104000,0.020000,2.352000,1.506000,0.662000,level_1_state_1
1764583407396,0.737000,0.670000,0.103000,0.021000,2.352000,1.506000,0.662000,level_1_state_1
1764583407648,0.737000,0.671000,0.103000,0.021000,2.276000,1.444000,0.638000,level_1_state_1
1764583407899,0.736000,0.671000,0.103000,0.021000,2.352000,1.506000,0.662000,level_1_state_1
1764583408152,0.737000,0.670000,0.103000,0.021000,2.276000,1.444000,0.638000,level_1_state_1
1764583408454,0.736000,0.672000,0.103000,0.021000,2.276000,1.444000,0.638000,level_1_state_1
1764583408655,0.736000,0.670000,0.103000,0.020000,2.276000,1.444000,0.638000,level_1_state_1
1764583408906,0.736000,0.672000,0.102000,0.021000,2.276000,1.444000,0.638000,level_1_state_1
1764583409158,0.736000,0.672000,0.103000,0.020000,2.276000,1.444000,0.638000,level_1_state_1
1764583409460,0.736000,0.672000,0.102000,0.021000,2.276000,1.444000,0.638000,level_1_state_1
1764583409662,0.735000,0.670000,0.102000,0.020000,2.276000,1.444000,0.638000,level_1_state_1
1764583409915,0.736000,0.672000,0.102000,0.020000,2.127000,1.321000,0.591000,level_1_state_1
1764583410168,0.736000,0.672000,0.101000,0.020000,2.202000,1.382000,0.614000,level_1_state_1
1764583410673,0.735000,0.670000,0.101000,0.021000,2.202000,1.382000,0.614000,level_1_state_1
1764583410925,0.736000,0.670000,0.101000,0.020000,2.202000,1.382000,0.614000,level_1_state_1
1764583411178,0.736000,0.672000,0.101000,0.020000,2.276000,1.444000,0.638000,level_1_state_1
1764583411429,0.734000,0.671000,0.101000,0.021000,2.202000,1.382000,0.614000,level_1_state_1
1764583411682,0.733000,0.670000,0.101000,0.020000,2.202000,1.382000,0.614000,level_1_state_1
1764583411933,0.734000,0.670000,0.101000,0.020000,2.202000,1.382000,0.614000,level_1_state_1
1764583412185,0.733000,0.670000,0.101000,0.020000,2.202000,1.382000,0.614000,level_1_state_1
1764583412437,0.733000,0.670000,0.101000,0.020000,2.127000,1.321000,0.591000,level_1_state_1
1764583412941,0.734000,0.670000,0.101000,0.020000,2.202000,1.382000,0.614000,level_1_state_1
1764583413193,0.733000,0.670000,0.101000,0.020000,1.980000,1.203000,0.545000,level_1_state_1
1764583413445,0.734000,0.670000,0.100000,0.020000,2.202000,1.382000,0.614000,level_1_state_1
1764583413797,0.733000,0.670000,0.100000,0.020000,2.202000,1.382000,0.614000,level_1_state_1
1764583415763,0.732000,0.670000,0.099000,0.020000,2.276000,1.444000,0.638000,level_1_state_1
1764583417077,0.732000,0.670000,0.099000,0.020000,2.202000,1.382000,0.614000,level_1_state_1
1764583417532,0.732000,0.670000,0.099000,0.020000,2.127000,1.321000,0.591000,level_1_state_1
1764583417785,0.731000,0.669000,0.099000,0.020000,2.127000,1.321000,0.591000,level_1_state_1
1764583418037,0.732000,0.670000,0.099000,0.020000,2.127000,1.321000,0.591000,level_1_state_1
1764583418290,0.731000,0.670000,0.099000,0.020000,2.127000,1.321000,0.591000,level_1_state_1
1764583419806,0.730000,0.670000,0.099000,0.020000,2.127000,1.321000,0.591000,level_1_state_1
1764583420059,0.730000,0.670000,0.098000,0.020000,2.127000,1.321000,0.591000,level_1_state_1
1764583420513,0.730000,0.670000,0.099000,0.020000,2.127000,1.321000,0.591000,level_1_state_1
1764583420816,0.730000,0.669000,0.098000,0.020000,2.127000,1.321000,0.591000,level_1_state_1
1764583421671,0.729000,0.670000,0.098000,0.020000,2.127000,1.321000,0.591000,level_1_state_1
1764583421824,0.730000,0.670000,0.099000,0.020000,2.127000,1.321000,0.591000,level_1_state_1
1764583422076,0.729000,0.669000,0.099000,0.020000,2.127000,1.321000,0.591000,level_1_state_1
1764583422378,0.730000,0.670000,0.098000,0.020000,2.202000,1.382000,0.614000,level_1_state_1
1764583423133,0.729000,0.670000,0.099000,0.020000,2.127000,1.321000,0.591000,level_1_state_1
1764583423588,0.729000,0.670000,0.100000,0.021000,2.202000,1.382000,0.614000,level_1_state_1
1764583424094,0.729000,0.669000,0.100000,0.020000,2.202000,1.382000,0.614000,level_1_state_1
1764583424599,0.729000,0.670000,0.100000,0.021000,2.202000,1.382000,0.614000,level_1_state_1
1764583424649,0.729000,0.670000,0.101000,0.020000,2.202000,1.382000,0.614000,level_1_state_1
1764583426010,0.727000,0.669000,0.101000,0.021000,2.352000,1.506000,0.662000,level_1_state_1
1764583426261,0.729000,0.670000,0.101000,0.021000,2.276000,1.444000,0.638000,level_1_state_1
1764583426562,0.727000,0.670000,0.101000,0.021000,2.276000,1.444000,0.638000,level_1_state_1
1764583427469,0.727000,0.669000,0.101000,0.021000,2.202000,1.382000,0.614000,level_1_state_1
1764583427721,0.727000,0.669000,0.101000,0.021000,2.202000,1.382000,0.614000,level_1_state_1
1764583428776,0.727000,0.669000,0.102000,0.021000,2.202000,1.382000,0.614000,level_1_state_1
1764583429380,0.727000,0.669000,0.101000,0.021000,2.202000,1.382000,0.614000,level_1_state_1
1764583430086,0.726000,0.669000,0.101000,0.021000,2.053000,1.262000,0.568000,level_1_state_1
1764583430439,0.726000,0.669000,0.101000,0.021000,2.352000,1.506000,0.662000,level_1_state_1
1764583432401,0.725000,0.670000,0.101000,0.021000,2.276000,1.444000,0.638000,level_1_state_1
1764583432854,0.725000,0.669000,0.100000,0.021000,2.127000,1.321000,0.591000,level_1_state_1
1764583433760,0.725000,0.669000,0.101000,0.020000,2.202000,1.382000,0.614000,level_1_state_1
1764583434263,0.725000,0.669000,0.100000,0.021000,2.352000,1.506000,0.662000,level_1_state_1
1764583434817,0.725000,0.669000,0.100000,0.021000,2.276000,1.444000,0.638000,level_1_state_1
1764583435018,0.724000,0.669000,0.101000,0.021000,2.352000,1.506000,0.662000,level_1_state_1
1764583435321,0.725000,0.669000,0.101000,0.021000,2.276000,1.444000,0.638000,level_1_state_1
